[2026-09-07 00:56:36,722] 29  INFO - File loaded: 48 rows, columns: ['First Name', 'Last Name', 'Title', 'Company Name', 'Company Name for Emails', 'Email', 'Email Status', 'Primary Email Source', 'Primary Email Verification Source', 'Email Confidence', 'Primary Email Catch-all Status', 'Primary Email Last Verified At', 'Seniority', 'Departments', 'Sub Departments', 'Contact Owner', 'Work Direct Phone', 'Home Phone', 'Mobile Phone', 'Corporate Phone', 'Other Phone', 'Do Not Call', 'Stage', 'Lists', 'Last Contacted', 'Account Owner', '# Employees', 'Industry', 'Keywords', 'Person Linkedin Url', 'Website', 'Company Linkedin Url', 'Facebook Url', 'Twitter Url', 'Address', 'City', 'State', 'Country', 'Company Address', 'Company City', 'Company State', 'Company Country', 'Company Phone', 'Technologies', 'Annual Revenue', 'Total Funding', 'Latest Funding', 'Latest Funding Amount', 'Last Raised At', 'Parent company (Apollo data)', 'Parent company (Apollo data - Organization ID)', 'Email Sent', 'Email Open', 'Email Bounced', 'Replied', 'Demoed', 'Number of Retail Locations', 'SIC Codes', 'NAICS Codes', 'Apollo Contact Id', 'Apollo Account Id', 'Apollo Record Id', 'Secondary Email', 'Secondary Email Source', 'Secondary Email Status', 'Secondary Email Verification Source', 'Tertiary Email', 'Tertiary Email Source', 'Tertiary Email Status', 'Tertiary Email Verification Source', 'Primary Intent Topic', 'Primary Intent Score', 'Secondary Intent Topic', 'Secondary Intent Score', 'Qualify Contact']
[2026-09-07 00:56:36,729] 129  INFO - Processing row 1: All Cargo Logistics
[2026-09-07 00:56:36,730] 142  INFO - metrics: Google searching for All Cargo Logistics
[2026-09-07 00:56:36,730] 129  INFO - Processing row 3: Ecom Express Limited
[2026-09-07 00:56:36,731] 132  INFO - metrics: Scraping website for Ecom Express Limited at https://ecomexpress.in
[2026-09-07 00:56:36,731] 129  INFO - Processing row 5: TTD Logistics Pvt. Ltd.
[2026-09-07 00:56:36,732] 132  INFO - metrics: Scraping website for TTD Logistics Pvt. Ltd. at https://ttdlogistics.in
[2026-09-07 00:56:36,732] 129  INFO - Processing row 10: Globus Logisys Pvt Ltd
[2026-09-07 00:56:36,732] 132  INFO - metrics: Scraping website for Globus Logisys Pvt Ltd at https://globuslogisys.in
[2026-09-07 00:56:36,733] 129  INFO - Processing row 12: Parekh Group
[2026-09-07 00:56:36,733] 142  INFO - metrics: Google searching for Parekh Group
[2026-09-07 00:56:36,734] 191  INFO - scrape website for 
[2026-09-07 00:56:36,734] 26  INFO - Fetching links
[2026-09-07 00:56:36,735] 167  INFO - DDG query: "All Cargo Logistics" "official website"
[2026-09-07 00:56:36,735] 191  INFO - scrape website for 
[2026-09-07 00:56:36,736] 191  INFO - scrape website for 
[2026-09-07 00:56:36,736] 26  INFO - Fetching links
[2026-09-07 00:56:36,736] 26  INFO - Fetching links
[2026-09-07 00:56:36,737] 167  INFO - DDG query: "Parekh Group" "official website"
[2026-09-07 00:56:37,033] 429  INFO - response: https://en.wikipedia.org/w/api.php?action=opensearch&profile=fuzzy&limit=1&search=%22Parekh%20Group%22%20%22official%20website%22 200
[2026-09-07 00:56:37,043] 429  INFO - response: https://en.wikipedia.org/w/api.php?action=opensearch&profile=fuzzy&limit=1&search=%22All%20Cargo%20Logistics%22%20%22official%20website%22 200
[2026-09-07 00:56:37,131] 429  INFO - response: https://grokipedia.com/api/typeahead?query=%22Parekh+Group%22+%22official+website%22&limit=1 502
[2026-09-07 00:56:37,353] 65  ERROR - Error while fetching linkhttps://ecomexpress.in: HTTPSConnectionPool(host='ecomexpress.in', port=443): Max retries exceeded with url: / (Caused by SSLError(SSLCertVerificationError(1, '[SSL: CERTIFICATE_VERIFY_FAILED] certificate verify failed: certificate has expired (_ssl.c:1000)')))
[2026-09-07 00:56:37,354] 66  INFO - Trying Selenium after failing BeautifulSoup
[2026-09-07 00:56:37,432] 429  INFO - response: https://search.yahoo.com/search;_ylt=NZBvvq8HqvqcwzlHTSXLNF0l;_ylu=FU-RRsfZf4zwPyoOBesmB3dpHUcC85oY5FtpZfQmUNNtya8?p=%22Parekh+Group%22+%22official+website%22 200
[2026-09-07 00:56:37,433] 65  ERROR - Error while fetching linkhttps://globuslogisys.in: HTTPSConnectionPool(host='globuslogisys.in', port=443): Max retries exceeded with url: / (Caused by SSLError(SSLCertVerificationError(1, '[SSL: CERTIFICATE_VERIFY_FAILED] certificate verify failed: self-signed certificate (_ssl.c:1000)')))
[2026-09-07 00:56:37,433] 66  INFO - Trying Selenium after failing BeautifulSoup
[2026-09-07 00:56:37,689] 429  INFO - response: https://grokipedia.com/api/typeahead?query=%22All+Cargo+Logistics%22+%22official+website%22&limit=1 502
[2026-09-07 00:56:38,329] 429  INFO - response: https://html.duckduckgo.com/html/ 200
[2026-09-07 00:56:38,361] 50  INFO - Passing to selenium for link extraction
[2026-09-07 00:56:38,662] 429  INFO - response: https://search.brave.com/search?q=%22Parekh+Group%22+%22official+website%22&source=web 429
[2026-09-07 00:56:38,922] 429  INFO - response: https://www.startpage.com/ 200
[2026-09-07 00:56:39,174] 429  INFO - response: https://www.startpage.com/sp/search 200
[2026-09-07 00:56:39,693] 429  INFO - response: https://www.google.com/sorry/index?continue=https://www.google.com/search%3Fq%3D%2522All%2BCargo%2BLogistics%2522%2B%2522official%2Bwebsite%2522%26sca_esv%3D1%26filter%3D1%26start%3D0%26hl%3Den-US%26lr%3Dlang_en%26cr%3DcountryUS&hl=en-US&q=EgQxJGTFGO_89tQGIjAEqMygA7iqB8wTgIl1LH5OW06GAW7_QDzv_4g3Y_lJ0ig1GLFxXoKd48cRl1mKK2AyAnJSWgFD 429
[2026-09-07 00:56:39,774] 429  INFO - response: https://www.google.com/sorry/index?continue=https://www.google.com/search%3Fq%3D%2522Parekh%2BGroup%2522%2B%2522official%2Bwebsite%2522%26sca_esv%3D1%26filter%3D1%26start%3D0%26hl%3Den-US%26lr%3Dlang_en%26cr%3DcountryUS&hl=en-US&q=EgQxJGTFGO_89tQGIjDDkpGkVXe7vsARE8nowMzhnL4kZ92zOUeZ69LBOWpLSO1mByyGk5DQ97EmGk1a9cAyAnJSWgFD 429
[2026-09-07 00:56:39,987] 429  INFO - response: https://search.brave.com/search?q=%22All+Cargo+Logistics%22+%22official+website%22&source=web 429
[2026-09-07 00:56:40,292] 429  INFO - response: https://www.startpage.com/ 200
[2026-09-07 00:56:40,511] 429  INFO - response: https://www.mojeek.com/search?q=%22All+Cargo+Logistics%22+%22official+website%22 403
[2026-09-07 00:56:40,512] 220  INFO - Final DDG result for 'All Cargo Logistics': {'email': None, 'number': None, 'website': None}
[2026-09-07 00:56:40,528] 429  INFO - response: https://www.startpage.com/sp/search 200
[2026-09-07 00:56:41,001] 429  INFO - response: https://www.mojeek.com/search?q=%22Parekh+Group%22+%22official+website%22 403
[2026-09-07 00:56:41,002] 209  INFO - Using FIRST valid result: https://www.parekhgroup.in/ -- text snippet: Parekh group - Home - Shipping Services In India From humble beginning seven decades ago, Parekh Group has evolved into a world-class conglomerate today with 22 companies operating across four diverse...
[2026-09-07 00:56:41,005] 220  INFO - Final DDG result for 'Parekh Group': {'email': None, 'number': None, 'website': 'https://www.parekhgroup.in/'}
[2026-09-07 00:56:41,007] 154  INFO - metrics: Scraping website from Google result for Parekh Group at https://www.parekhgroup.in/
[2026-09-07 00:56:41,008] 191  INFO - scrape website for 
[2026-09-07 00:56:41,010] 26  INFO - Fetching links
[2026-09-07 00:56:42,657] 159  INFO - metrics: Scraped result from Google website for Parekh Group: {}
[2026-09-07 00:56:44,683] 48  INFO - list_of_links from selenium: ['https://ecomexpress.in']
[2026-09-07 00:56:44,683] 138  INFO - Inside extract content
[2026-09-07 00:56:44,684] 139  INFO - Links: ['https://ecomexpress.in'], use_selenium: YES
[2026-09-07 00:56:44,684] 83  INFO - Inside extract_content_selenium
[2026-09-07 00:56:44,684] 84  INFO - links:['https://ecomexpress.in']
[2026-09-07 00:56:44,900] 48  INFO - list_of_links from selenium: ['https://globuslogisys.in']
[2026-09-07 00:56:44,901] 138  INFO - Inside extract content
[2026-09-07 00:56:44,901] 139  INFO - Links: ['https://globuslogisys.in'], use_selenium: YES
[2026-09-07 00:56:44,901] 83  INFO - Inside extract_content_selenium
[2026-09-07 00:56:44,901] 84  INFO - links:['https://globuslogisys.in']
[2026-09-07 00:56:45,652] 108  INFO - Contact links found using selenium: []
[2026-09-07 00:56:45,653] 109  INFO - Other links found using selenium: ['https://ecomexpress.in']
[2026-09-07 00:56:46,388] 108  INFO - Contact links found using selenium: []
[2026-09-07 00:56:46,388] 109  INFO - Other links found using selenium: ['https://globuslogisys.in']
[2026-09-07 00:56:48,058] 137  INFO - metrics: Scraped result for Ecom Express Limited: {}
[2026-09-07 00:56:48,058] 142  INFO - metrics: Google searching for Ecom Express Limited
[2026-09-07 00:56:48,058] 167  INFO - DDG query: "Ecom Express Limited" site:ecomexpress.in email phone
[2026-09-07 00:56:48,305] 429  INFO - response: https://en.wikipedia.org/w/api.php?action=opensearch&profile=fuzzy&limit=1&search=%22Ecom%20Express%20Limited%22%20site%3Aecomexpress.in%20email%20phone 200
[2026-09-07 00:56:48,347] 429  INFO - response: https://grokipedia.com/api/typeahead?query=%22Ecom+Express+Limited%22+site%3Aecomexpress.in+email+phone&limit=1 502
[2026-09-07 00:56:48,664] 137  INFO - metrics: Scraped result for Globus Logisys Pvt Ltd: {}
[2026-09-07 00:56:48,664] 142  INFO - metrics: Google searching for Globus Logisys Pvt Ltd
[2026-09-07 00:56:48,664] 167  INFO - DDG query: "Globus Logisys Pvt Ltd" site:globuslogisys.in email phone
[2026-09-07 00:56:48,866] 429  INFO - response: https://en.wikipedia.org/w/api.php?action=opensearch&profile=fuzzy&limit=1&search=%22Globus%20Logisys%20Pvt%20Ltd%22%20site%3Aglobuslogisys.in%20email%20phone 200
[2026-09-07 00:56:48,916] 429  INFO - response: https://html.duckduckgo.com/html/ 200
[2026-09-07 00:56:48,925] 429  INFO - response: https://grokipedia.com/api/typeahead?query=%22Globus+Logisys+Pvt+Ltd%22+site%3Aglobuslogisys.in+email+phone&limit=1 502
[2026-09-07 00:56:49,224] 429  INFO - response: https://search.brave.com/search?q=%22Globus+Logisys+Pvt+Ltd%22+site%3Aglobuslogisys.in+email+phone&source=web 429
[2026-09-07 00:56:49,307] 429  INFO - response: https://html.duckduckgo.com/html/ 202
[2026-09-07 00:56:49,458] 429  INFO - response: https://www.startpage.com/ 200
[2026-09-07 00:56:49,678] 429  INFO - response: https://www.startpage.com/sp/search 200
[2026-09-07 00:56:49,844] 429  INFO - response: https://www.startpage.com/ 200
[2026-09-07 00:56:49,972] 429  INFO - response: https://search.brave.com/search?q=%22Ecom+Express+Limited%22+site%3Aecomexpress.in+email+phone&source=web 429
[2026-09-07 00:56:50,077] 429  INFO - response: https://www.startpage.com/sp/search 200
[2026-09-07 00:56:50,511] 429  INFO - response: https://www.google.com/sorry/index?continue=https://www.google.com/search%3Fq%3D%2522Ecom%2BExpress%2BLimited%2522%2Bsite%253Aecomexpress.in%2Bemail%2Bphone%26sca_esv%3D1%26filter%3D1%26start%3D0%26hl%3Den-US%26lr%3Dlang_en%26cr%3DcountryUS&hl=en-US&q=EgQxJGTFGPr89tQGIjDPZN8dWMfDzxhyOWbcZNW41p5_LQ9eNV_ghUHoGhIrYdCSX4qQNJmBrg90XbamqmcyAnJSWgFD 429
[2026-09-07 00:56:50,555] 429  INFO - response: https://www.mojeek.com/search?q=%22Globus+Logisys+Pvt+Ltd%22+site%3Aglobuslogisys.in+email+phone 403
[2026-09-07 00:56:51,005] 429  INFO - response: https://www.mojeek.com/search?q=%22Ecom+Express+Limited%22+site%3Aecomexpress.in+email+phone 403
[2026-09-07 00:56:51,006] 220  INFO - Final DDG result for 'Ecom Express Limited': {'email': None, 'number': None, 'website': None}
[2026-09-07 00:56:51,029] 48  INFO - list_of_links from selenium: ['https://ttdlogistics.in', 'https://ttdlogistics.in#/home', 'https://ttdlogistics.in#/about/history', 'https://ttdlogistics.in#/about/mission', 'https://ttdlogistics.in#/about/directors', 'https://ttdlogistics.in#/about/pitchdeck', 'https://ttdlogistics.in#/about/whychooseus', 'https://ttdlogistics.in#/about/officetours', 'https://ttdlogistics.in#/services/corporatetransportservices', 'https://ttdlogistics.in#/services/e-commercedelivery', 'https://ttdlogistics.in#/services/regionaltransportation', 'https://ttdlogistics.in#/services/evehiclechargingservicestation', 'https://ttdlogistics.in#/electrifyingttd', 'https://ttdlogistics.in#/careers', 'https://ttdlogistics.in#/examples/contactus', 'https://mis.ttdlogistics.in/', 'https://ttdlogistics.in#/careers#register', 'https://ttdlogistics.in/']
[2026-09-07 00:56:51,030] 138  INFO - Inside extract content
[2026-09-07 00:56:51,030] 139  INFO - Links: ['https://ttdlogistics.in', 'https://ttdlogistics.in#/home', 'https://ttdlogistics.in#/about/history', 'https://ttdlogistics.in#/about/mission', 'https://ttdlogistics.in#/about/directors', 'https://ttdlogistics.in#/about/pitchdeck', 'https://ttdlogistics.in#/about/whychooseus', 'https://ttdlogistics.in#/about/officetours', 'https://ttdlogistics.in#/services/corporatetransportservices', 'https://ttdlogistics.in#/services/e-commercedelivery', 'https://ttdlogistics.in#/services/regionaltransportation', 'https://ttdlogistics.in#/services/evehiclechargingservicestation', 'https://ttdlogistics.in#/electrifyingttd', 'https://ttdlogistics.in#/careers', 'https://ttdlogistics.in#/examples/contactus', 'https://mis.ttdlogistics.in/', 'https://ttdlogistics.in#/careers#register', 'https://ttdlogistics.in/'], use_selenium: YES
[2026-09-07 00:56:51,031] 83  INFO - Inside extract_content_selenium
[2026-09-07 00:56:51,031] 84  INFO - links:['https://ttdlogistics.in', 'https://ttdlogistics.in#/home', 'https://ttdlogistics.in#/about/history', 'https://ttdlogistics.in#/about/mission', 'https://ttdlogistics.in#/about/directors', 'https://ttdlogistics.in#/about/pitchdeck', 'https://ttdlogistics.in#/about/whychooseus', 'https://ttdlogistics.in#/about/officetours', 'https://ttdlogistics.in#/services/corporatetransportservices', 'https://ttdlogistics.in#/services/e-commercedelivery', 'https://ttdlogistics.in#/services/regionaltransportation', 'https://ttdlogistics.in#/services/evehiclechargingservicestation', 'https://ttdlogistics.in#/electrifyingttd', 'https://ttdlogistics.in#/careers', 'https://ttdlogistics.in#/examples/contactus', 'https://mis.ttdlogistics.in/', 'https://ttdlogistics.in#/careers#register', 'https://ttdlogistics.in/']
[2026-09-07 00:56:51,190] 429  INFO - response: https://www.google.com/sorry/index?continue=https://www.google.com/search%3Fq%3D%2522Globus%2BLogisys%2BPvt%2BLtd%2522%2Bsite%253Aglobuslogisys.in%2Bemail%2Bphone%26sca_esv%3D1%26filter%3D1%26start%3D0%26hl%3Den-US%26lr%3Dlang_en%26cr%3DcountryUS&hl=en-US&q=EgQxJGTFGPr89tQGIjD4dKeiU-zGVrMJgZrhsFctw1f76yjOnOxhcENHy_Ie5WzuoqDl_r8uVm3FQZF_79YyAnJSWgFD 429
[2026-09-07 00:56:51,495] 429  INFO - response: https://search.yahoo.com/search;_ylt=SQinlDqwjxICVx58d0GWSJMC;_ylu=we6_FlEMLKA88vkc7xw0krYzl0-7TxYuJ6v49fRCtBTxBCE?p=%22Globus+Logisys+Pvt+Ltd%22+site%3Aglobuslogisys.in+email+phone 200
[2026-09-07 00:56:51,712] 108  INFO - Contact links found using selenium: ['https://ttdlogistics.in#/examples/contactus']
[2026-09-07 00:56:51,712] 109  INFO - Other links found using selenium: ['https://ttdlogistics.in', 'https://ttdlogistics.in#/home', 'https://ttdlogistics.in#/about/history', 'https://ttdlogistics.in#/about/mission', 'https://ttdlogistics.in#/about/directors', 'https://ttdlogistics.in#/about/pitchdeck', 'https://ttdlogistics.in#/about/whychooseus', 'https://ttdlogistics.in#/about/officetours', 'https://ttdlogistics.in#/services/corporatetransportservices', 'https://ttdlogistics.in#/services/e-commercedelivery', 'https://ttdlogistics.in#/services/regionaltransportation', 'https://ttdlogistics.in#/services/evehiclechargingservicestation', 'https://ttdlogistics.in#/electrifyingttd', 'https://ttdlogistics.in#/careers', 'https://mis.ttdlogistics.in/', 'https://ttdlogistics.in#/careers#register', 'https://ttdlogistics.in/']
[2026-09-07 00:56:52,582] 226  ERROR - DuckDuckGo search error for 'Globus Logisys Pvt Ltd': No results found.
[2026-09-07 00:56:56,961] 123  INFO - Both email and number found, stopping.
[2026-09-07 00:56:59,163] 137  INFO - metrics: Scraped result for TTD Logistics Pvt. Ltd.: {'email': 'support@ttdlogistics.in', 'number': '+91 9226551569', 'scraped_from_link': 'https://ttdlogistics.in#/examples/contactus'}
[2026-09-07 00:56:59,164] 129  INFO - Processing row 14: NX GROUP (NIPPON EXPRESS GROUP)
[2026-09-07 00:56:59,164] 132  INFO - metrics: Scraping website for NX GROUP (NIPPON EXPRESS GROUP) at https://nipponexpress.com
[2026-09-07 00:56:59,165] 129  INFO - Processing row 16: Balrajeshwar Container Movers LLP
[2026-09-07 00:56:59,165] 142  INFO - metrics: Google searching for Balrajeshwar Container Movers LLP
[2026-09-07 00:56:59,165] 129  INFO - Processing row 17: Dialhealth
[2026-09-07 00:56:59,166] 142  INFO - metrics: Google searching for Dialhealth
[2026-09-07 00:56:59,166] 129  INFO - Processing row 18: Jabil
[2026-09-07 00:56:59,166] 132  INFO - metrics: Scraping website for Jabil at https://jabil.com
[2026-09-07 00:56:59,166] 129  INFO - Processing row 19: Lalamove
[2026-09-07 00:56:59,166] 132  INFO - metrics: Scraping website for Lalamove at https://lalamove.com
[2026-09-07 00:56:59,166] 167  INFO - DDG query: "Balrajeshwar Container Movers LLP" "official website"
[2026-09-07 00:56:59,167] 167  INFO - DDG query: "Dialhealth" "official website"
[2026-09-07 00:56:59,169] 191  INFO - scrape website for 
[2026-09-07 00:56:59,169] 191  INFO - scrape website for 
[2026-09-07 00:56:59,169] 26  INFO - Fetching links
[2026-09-07 00:56:59,170] 26  INFO - Fetching links
[2026-09-07 00:56:59,171] 191  INFO - scrape website for 
[2026-09-07 00:56:59,176] 26  INFO - Fetching links
[2026-09-07 00:56:59,325] 65  ERROR - Error while fetching linkhttps://nipponexpress.com: HTTPSConnectionPool(host='nipponexpress.com', port=443): Max retries exceeded with url: / (Caused by NameResolutionError("HTTPSConnection(host='nipponexpress.com', port=443): Failed to resolve 'nipponexpress.com' ([Errno 11001] getaddrinfo failed)"))
[2026-09-07 00:56:59,325] 66  INFO - Trying Selenium after failing BeautifulSoup
[2026-09-07 00:56:59,476] 429  INFO - response: https://en.wikipedia.org/w/api.php?action=opensearch&profile=fuzzy&limit=1&search=%22Balrajeshwar%20Container%20Movers%20LLP%22%20%22official%20website%22 200
[2026-09-07 00:56:59,486] 429  INFO - response: https://en.wikipedia.org/w/api.php?action=opensearch&profile=fuzzy&limit=1&search=%22Dialhealth%22%20%22official%20website%22 200
[2026-09-07 00:56:59,547] 429  INFO - response: https://grokipedia.com/api/typeahead?query=%22Balrajeshwar+Container+Movers+LLP%22+%22official+website%22&limit=1 502
[2026-09-07 00:56:59,626] 429  INFO - response: https://html.duckduckgo.com/html/ 202
[2026-09-07 00:57:00,260] 429  INFO - response: https://www.google.com/sorry/index?continue=https://www.google.com/search%3Fq%3D%2522Balrajeshwar%2BContainer%2BMovers%2BLLP%2522%2B%2522official%2Bwebsite%2522%26sca_esv%3D1%26filter%3D1%26start%3D0%26hl%3Den-US%26lr%3Dlang_en%26cr%3DcountryUS&hl=en-US&q=EgQxJGTFGIT99tQGIjAczUI2TwcMaP8wSHHW9u_XBYZ9vuGxnYFvl1zJU_UmMvfXlqUqqNW5OKCNYDJv-HMyAnJSWgFD 429
[2026-09-07 00:57:00,420] 50  INFO - Passing to selenium for link extraction
[2026-09-07 00:57:00,435] 53  ERROR - An error occurred while fetching through selenium for url https://nipponexpress.com: Message: unknown error: net::ERR_NAME_NOT_RESOLVED
  (Session info: chrome=151.0.7922.170)
Stacktrace:
	chromedriver!GetHandleVerifier [0x7ff641ccabb5+151b5]
	chromedriver!GetHandleVerifier [0x7ff641ccac10+15210]
	chromedriver!(No symbol) [0x7ff6417f5d6d]
	chromedriver!(No symbol) [0x7ff6417f2b29]
	chromedriver!(No symbol) [0x7ff6417e2f51]
	chromedriver!(No symbol) [0x7ff6417e4dbf]
	chromedriver!(No symbol) [0x7ff6417e34f3]
	chromedriver!(No symbol) [0x7ff6417e2cbb]
	chromedriver!(No symbol) [0x7ff6417e2971]
	chromedriver!(No symbol) [0x7ff6417e0641]
	chromedriver!(No symbol) [0x7ff6417e0da2]
	chromedriver!(No symbol) [0x7ff6417fa016]
	chromedriver!(No symbol) [0x7ff64189fa14]
	chromedriver!(No symbol) [0x7ff641879d0a]
	chromedriver!(No symbol) [0x7ff64189ec0b]
	chromedriver!(No symbol) [0x7ff6418437cc]
	chromedriver!(No symbol) [0x7ff6418446f3]
	chromedriver!GetHandleVerifier [0x7ff6422eb79b+635d9b]
	chromedriver!GetHandleVerifier [0x7ff6422e5ac6+6300c6]
	chromedriver!GetHandleVerifier [0x7ff64230bcee+6562ee]
	chromedriver!GetHandleVerifier [0x7ff641ce8ffe+335fe]
	chromedriver!GetHandleVerifier [0x7ff641cf147c+3ba7c]
	chromedriver!GetHandleVerifier [0x7ff641cd4d64+1f364]
	chromedriver!GetHandleVerifier [0x7ff641cd4ef4+1f4f4]
	chromedriver!GetHandleVerifier [0x7ff641cb7d97+2397]
	KERNEL32!BaseThreadInitThunk [0x7ffe701f259d+1d]
	ntdll!RtlUserThreadStart [0x7ffe7168af78+28]

[2026-09-07 00:57:00,436] 137  INFO - metrics: Scraped result for NX GROUP (NIPPON EXPRESS GROUP): {}
[2026-09-07 00:57:00,436] 142  INFO - metrics: Google searching for NX GROUP (NIPPON EXPRESS GROUP)
[2026-09-07 00:57:00,437] 167  INFO - DDG query: "NX GROUP (NIPPON EXPRESS GROUP)" site:nipponexpress.com email phone
[2026-09-07 00:57:00,469] 429  INFO - response: https://grokipedia.com/api/typeahead?query=%22Dialhealth%22+%22official+website%22&limit=1 502
[2026-09-07 00:57:00,565] 429  INFO - response: https://search.yahoo.com/search;_ylt=dQqJ3uKxq7yfOSXckCojep7c;_ylu=8ebsJg2syEC2C6hBw68thZm0x9jM9mhPQVufd8X94FQN2vg?p=%22Balrajeshwar+Container+Movers+LLP%22+%22official+website%22 200
[2026-09-07 00:57:00,735] 429  INFO - response: https://grokipedia.com/api/typeahead?query=%22NX+GROUP+%28NIPPON+EXPRESS+GROUP%29%22+site%3Anipponexpress.com+email+phone&limit=1 502
[2026-09-07 00:57:01,004] 429  INFO - response: https://en.wikipedia.org/w/api.php?action=opensearch&profile=fuzzy&limit=1&search=%22NX%20GROUP%20%28NIPPON%20EXPRESS%20GROUP%29%22%20site%3Anipponexpress.com%20email%20phone 200
[2026-09-07 00:57:01,132] 429  INFO - response: https://www.google.com/sorry/index?continue=https://www.google.com/search%3Fq%3D%2522Dialhealth%2522%2B%2522official%2Bwebsite%2522%26sca_esv%3D1%26filter%3D1%26start%3D0%26hl%3Den-US%26lr%3Dlang_en%26cr%3DcountryUS&hl=en-US&q=EgQxJGTFGIT99tQGIjBYI9lTKmtNYJLoA4qg2xHSjwB7qeWGGhIp9coCZhVOdL-h5paBHT42iu5G5HMRci8yAnJSWgFD 429
[2026-09-07 00:57:01,427] 429  INFO - response: https://search.yahoo.com/search;_ylt=nv-UpcON3FSULuXyf8sf4UMx;_ylu=BImZnZOqqZ7EyCHCoQMnQEWTbz1eLefd0CPjG3gkD_ZEj5A?p=%22Dialhealth%22+%22official+website%22 200
[2026-09-07 00:57:01,934] 429  INFO - response: https://search.yahoo.com/search;_ylt=LsNJju-YrAL_0l9xp5fzgTxO;_ylu=vXJ6yAdkYvGhh95Q7vfuz9lBa7rGGfTztAf7R3Yyn7l7WlA?p=%22NX+GROUP+%28NIPPON+EXPRESS+GROUP%29%22+site%3Anipponexpress.com+email+phone 200
[2026-09-07 00:57:02,147] 429  INFO - response: https://www.mojeek.com/search?q=%22Balrajeshwar+Container+Movers+LLP%22+%22official+website%22 403
[2026-09-07 00:57:02,428] 429  INFO - response: https://search.brave.com/search?q=%22NX+GROUP+%28NIPPON+EXPRESS+GROUP%29%22+site%3Anipponexpress.com+email+phone&source=web 429
[2026-09-07 00:57:02,682] 429  INFO - response: https://www.startpage.com/ 200
[2026-09-07 00:57:02,799] 429  INFO - response: https://search.brave.com/search?q=%22Dialhealth%22+%22official+website%22&source=web 429
[2026-09-07 00:57:02,912] 429  INFO - response: https://www.startpage.com/sp/search 200
[2026-09-07 00:57:02,964] 429  INFO - response: https://www.mojeek.com/search?q=%22NX+GROUP+%28NIPPON+EXPRESS+GROUP%29%22+site%3Anipponexpress.com+email+phone 403
[2026-09-07 00:57:03,231] 429  INFO - response: https://search.brave.com/search?q=%22Balrajeshwar+Container+Movers+LLP%22+%22official+website%22&source=web 429
[2026-09-07 00:57:03,295] 226  ERROR - DuckDuckGo search error for 'Balrajeshwar Container Movers LLP': No results found.
[2026-09-07 00:57:03,406] 429  INFO - response: https://www.mojeek.com/search?q=%22Dialhealth%22+%22official+website%22 403
[2026-09-07 00:57:03,499] 429  INFO - response: https://www.startpage.com/ 200
[2026-09-07 00:57:03,796] 59  INFO - extracted_links:['https://jabil.com/about-us/sustainability/our-innovative-solutions.html', 'https://jabil.com/industries/consumer.html', 'https://jabil.com/industries/energy/power-generation.html', 'https://jabil.com/solutions/manufacturing.html', 'https://jabil.com/capability/large-form-factor-assembly.html', 'https://jabil.com/about-us/global-locations.html', 'https://jabil.com/about-us/jabil-history.html', 'https://jabil.com/industries/telecommunications.html', 'https://jabil.com/industries/automotive-and-transportation.html', 'https://jabil.com/capability/automation.html', 'https://jabil.com/industries/digital-commerce-robotics.html', 'https://jabil.com/sitemap.html', 'https://jabil.com/industries/defense-and-aerospace/space.html', 'https://jabil.com/industries/automotive-and-transportation/rail.html', 'https://jabil.com/solutions.html', 'https://jabil.com/about-us/news-recognitions-policies.html', 'https://jabil.com/about-us/senior-leadership.html', 'https://jabil.com/industries/data-center/data-center-infrastructure.html', 'https://jabil.com/privacy-policy.html', 'https://jabil.com/', 'https://jabil.com/industries/building-infrastructure.html', 'https://jabil.com/industries/energy/battery-energy-storage-systems.html', 'https://jabil.com/industries/healthcare/medical-devices.html', 'https://jabil.com/industries/telecommunications/wireless.html', 'https://jabil.com/blog/scaling-robotics-physical-ai-north-america.html', 'https://jabil.com/terms.html', 'https://jabil.com/contact.html', 'https://jabil.com/about-us/culture.html', 'https://jabil.com/industries/building-infrastructure/industrial-controls.html', 'https://jabil.com/industries/consumer/smart-home-appliance.html', 'https://jabil.com/about-us.html', 'https://jabil.com/about-us/sustainability.html', 'https://jabil.com/industries/semiconductor-equipment.html', 'https://jabil.com/industries/semiconductor-equipment/wafer-fabrication-equipment.html', 'https://jabil.com/industries/data-center.html', 'https://jabil.com/blog.html', 'https://jabil.com/capability/optics.html', 'https://jabil.com/industries/healthcare/orthopedics.html', 'https://jabil.com/industries/defense-and-aerospace.html', 'https://jabil.com/blog/jabil-60-years-manufacturing-solutions-partner.html', 'https://jabil.com/industries/automotive-and-transportation/commercial-truck-and-bus.html', 'https://jabil.com/about-us/news-recognitions-policies/jabil-policies.html', 'https://jabil.com/industries.html', 'https://jabil.com/capability.html', 'https://jabil.com/global-entities.html', 'https://jabil.com/industries/public-safety-surveillance/commercial-drones.html', 'https://jabil.com/industries/automotive-and-transportation/construction-mining-agriculture.html', 'https://jabil.com/supplier.html', 'https://jabil.com/about-us/in-the-community.html', 'https://jabil.com/capability/electronics.html', 'https://jabil.com/industries/digital-commerce-robotics/payments-and-fintech.html', 'https://jabil.com/industries/healthcare/pharmaceutical-solutions.html', 'https://jabil.com/blog/software-defined-architectures-commercial-vehicles.html', 'https://jabil.com/solutions/engineering.html', 'https://jabil.com/industries/digital-commerce-robotics/retail-automation.html', 'https://jabil.com/industries/energy/smart-grid-and-power-distribution.html', 'https://jabil.com/industries/public-safety-surveillance/public-safety.html', 'https://jabil.com/industries/energy.html', 'https://jabil.com/industries/defense-and-aerospace/commercial-air.html', 'https://jabil.com/cookie-policy.html', 'https://jabil.com', 'https://jabil.com/industries/data-center/cloud-and-enterprise.html', 'https://jabil.com/industries/energy/power-consumption.html', 'https://jabil.com/industries/public-safety-surveillance/screening-identity-management.html', 'https://jabil.com/capability/metals.html', 'https://jabil.com/industries/defense-and-aerospace/defense.html', 'https://jabil.com/solutions/post-production.html', 'https://jabil.com/industries/building-infrastructure/safety-security-and-access.html', 'https://jabil.com/industries/healthcare/diagnostics.html', 'https://jabil.com/industries/digital-commerce-robotics/warehouse-automation-e-commerce.html', 'https://jabil.com/capability/plastics.html', 'https://jabil.com/about-us/sustainability/our-operations-and-resources.html', 'https://jabil.com/industries/semiconductor-equipment/advanced-test-equipment.html', 'https://jabil.com/industries/automotive-and-transportation/automotive-electronics.html', 'https://jabil.com/industries/telecommunications/switching-and-routing.html', 'https://jabil.com/industries/digital-commerce-robotics/robotics-physical-ai.html', 'https://jabil.com/industries/building-infrastructure/building-automation.html', 'https://jabil.com/industries/healthcare.html', 'https://jabil.com/industries/public-safety-surveillance.html', 'https://jabil.com/about-us/news-recognitions-policies/newsroom.html', 'https://jabil.com/about-us/news-recognitions-policies/awards.html', 'https://jabil.com/industries/building-infrastructure/thermal-management.html', 'https://jabil.com/solutions/supply-chain-management.html', 'https://jabil.com/about-us/sustainability/our-people-and-communities.html', 'https://jabil.com/industries/photonics.html', 'https://jabil.com/industries/consumer/packaging.html']
[2026-09-07 00:57:03,796] 429  INFO - response: https://www.startpage.com/sp/search 200
[2026-09-07 00:57:03,798] 138  INFO - Inside extract content
[2026-09-07 00:57:03,798] 139  INFO - Links: ['https://jabil.com/about-us/sustainability/our-innovative-solutions.html', 'https://jabil.com/industries/consumer.html', 'https://jabil.com/industries/energy/power-generation.html', 'https://jabil.com/solutions/manufacturing.html', 'https://jabil.com/capability/large-form-factor-assembly.html', 'https://jabil.com/about-us/global-locations.html', 'https://jabil.com/about-us/jabil-history.html', 'https://jabil.com/industries/telecommunications.html', 'https://jabil.com/industries/automotive-and-transportation.html', 'https://jabil.com/capability/automation.html', 'https://jabil.com/industries/digital-commerce-robotics.html', 'https://jabil.com/sitemap.html', 'https://jabil.com/industries/defense-and-aerospace/space.html', 'https://jabil.com/industries/automotive-and-transportation/rail.html', 'https://jabil.com/solutions.html', 'https://jabil.com/about-us/news-recognitions-policies.html', 'https://jabil.com/about-us/senior-leadership.html', 'https://jabil.com/industries/data-center/data-center-infrastructure.html', 'https://jabil.com/privacy-policy.html', 'https://jabil.com/', 'https://jabil.com/industries/building-infrastructure.html', 'https://jabil.com/industries/energy/battery-energy-storage-systems.html', 'https://jabil.com/industries/healthcare/medical-devices.html', 'https://jabil.com/industries/telecommunications/wireless.html', 'https://jabil.com/blog/scaling-robotics-physical-ai-north-america.html', 'https://jabil.com/terms.html', 'https://jabil.com/contact.html', 'https://jabil.com/about-us/culture.html', 'https://jabil.com/industries/building-infrastructure/industrial-controls.html', 'https://jabil.com/industries/consumer/smart-home-appliance.html', 'https://jabil.com/about-us.html', 'https://jabil.com/about-us/sustainability.html', 'https://jabil.com/industries/semiconductor-equipment.html', 'https://jabil.com/industries/semiconductor-equipment/wafer-fabrication-equipment.html', 'https://jabil.com/industries/data-center.html', 'https://jabil.com/blog.html', 'https://jabil.com/capability/optics.html', 'https://jabil.com/industries/healthcare/orthopedics.html', 'https://jabil.com/industries/defense-and-aerospace.html', 'https://jabil.com/blog/jabil-60-years-manufacturing-solutions-partner.html', 'https://jabil.com/industries/automotive-and-transportation/commercial-truck-and-bus.html', 'https://jabil.com/about-us/news-recognitions-policies/jabil-policies.html', 'https://jabil.com/industries.html', 'https://jabil.com/capability.html', 'https://jabil.com/global-entities.html', 'https://jabil.com/industries/public-safety-surveillance/commercial-drones.html', 'https://jabil.com/industries/automotive-and-transportation/construction-mining-agriculture.html', 'https://jabil.com/supplier.html', 'https://jabil.com/about-us/in-the-community.html', 'https://jabil.com/capability/electronics.html', 'https://jabil.com/industries/digital-commerce-robotics/payments-and-fintech.html', 'https://jabil.com/industries/healthcare/pharmaceutical-solutions.html', 'https://jabil.com/blog/software-defined-architectures-commercial-vehicles.html', 'https://jabil.com/solutions/engineering.html', 'https://jabil.com/industries/digital-commerce-robotics/retail-automation.html', 'https://jabil.com/industries/energy/smart-grid-and-power-distribution.html', 'https://jabil.com/industries/public-safety-surveillance/public-safety.html', 'https://jabil.com/industries/energy.html', 'https://jabil.com/industries/defense-and-aerospace/commercial-air.html', 'https://jabil.com/cookie-policy.html', 'https://jabil.com', 'https://jabil.com/industries/data-center/cloud-and-enterprise.html', 'https://jabil.com/industries/energy/power-consumption.html', 'https://jabil.com/industries/public-safety-surveillance/screening-identity-management.html', 'https://jabil.com/capability/metals.html', 'https://jabil.com/industries/defense-and-aerospace/defense.html', 'https://jabil.com/solutions/post-production.html', 'https://jabil.com/industries/building-infrastructure/safety-security-and-access.html', 'https://jabil.com/industries/healthcare/diagnostics.html', 'https://jabil.com/industries/digital-commerce-robotics/warehouse-automation-e-commerce.html', 'https://jabil.com/capability/plastics.html', 'https://jabil.com/about-us/sustainability/our-operations-and-resources.html', 'https://jabil.com/industries/semiconductor-equipment/advanced-test-equipment.html', 'https://jabil.com/industries/automotive-and-transportation/automotive-electronics.html', 'https://jabil.com/industries/telecommunications/switching-and-routing.html', 'https://jabil.com/industries/digital-commerce-robotics/robotics-physical-ai.html', 'https://jabil.com/industries/building-infrastructure/building-automation.html', 'https://jabil.com/industries/healthcare.html', 'https://jabil.com/industries/public-safety-surveillance.html', 'https://jabil.com/about-us/news-recognitions-policies/newsroom.html', 'https://jabil.com/about-us/news-recognitions-policies/awards.html', 'https://jabil.com/industries/building-infrastructure/thermal-management.html', 'https://jabil.com/solutions/supply-chain-management.html', 'https://jabil.com/about-us/sustainability/our-people-and-communities.html', 'https://jabil.com/industries/photonics.html', 'https://jabil.com/industries/consumer/packaging.html'], use_selenium: NO
[2026-09-07 00:57:03,799] 147  INFO - Contact links found: ['https://jabil.com/contact.html']
[2026-09-07 00:57:03,799] 148  INFO - Other links found: ['https://jabil.com/about-us/sustainability/our-innovative-solutions.html', 'https://jabil.com/industries/consumer.html', 'https://jabil.com/industries/energy/power-generation.html', 'https://jabil.com/solutions/manufacturing.html', 'https://jabil.com/capability/large-form-factor-assembly.html', 'https://jabil.com/about-us/global-locations.html', 'https://jabil.com/about-us/jabil-history.html', 'https://jabil.com/industries/telecommunications.html', 'https://jabil.com/industries/automotive-and-transportation.html', 'https://jabil.com/capability/automation.html', 'https://jabil.com/industries/digital-commerce-robotics.html', 'https://jabil.com/sitemap.html', 'https://jabil.com/industries/defense-and-aerospace/space.html', 'https://jabil.com/industries/automotive-and-transportation/rail.html', 'https://jabil.com/solutions.html', 'https://jabil.com/about-us/news-recognitions-policies.html', 'https://jabil.com/about-us/senior-leadership.html', 'https://jabil.com/industries/data-center/data-center-infrastructure.html', 'https://jabil.com/privacy-policy.html', 'https://jabil.com/', 'https://jabil.com/industries/building-infrastructure.html', 'https://jabil.com/industries/energy/battery-energy-storage-systems.html', 'https://jabil.com/industries/healthcare/medical-devices.html', 'https://jabil.com/industries/telecommunications/wireless.html', 'https://jabil.com/blog/scaling-robotics-physical-ai-north-america.html', 'https://jabil.com/terms.html', 'https://jabil.com/about-us/culture.html', 'https://jabil.com/industries/building-infrastructure/industrial-controls.html', 'https://jabil.com/industries/consumer/smart-home-appliance.html', 'https://jabil.com/about-us.html', 'https://jabil.com/about-us/sustainability.html', 'https://jabil.com/industries/semiconductor-equipment.html', 'https://jabil.com/industries/semiconductor-equipment/wafer-fabrication-equipment.html', 'https://jabil.com/industries/data-center.html', 'https://jabil.com/blog.html', 'https://jabil.com/capability/optics.html', 'https://jabil.com/industries/healthcare/orthopedics.html', 'https://jabil.com/industries/defense-and-aerospace.html', 'https://jabil.com/blog/jabil-60-years-manufacturing-solutions-partner.html', 'https://jabil.com/industries/automotive-and-transportation/commercial-truck-and-bus.html', 'https://jabil.com/about-us/news-recognitions-policies/jabil-policies.html', 'https://jabil.com/industries.html', 'https://jabil.com/capability.html', 'https://jabil.com/global-entities.html', 'https://jabil.com/industries/public-safety-surveillance/commercial-drones.html', 'https://jabil.com/industries/automotive-and-transportation/construction-mining-agriculture.html', 'https://jabil.com/supplier.html', 'https://jabil.com/about-us/in-the-community.html', 'https://jabil.com/capability/electronics.html', 'https://jabil.com/industries/digital-commerce-robotics/payments-and-fintech.html', 'https://jabil.com/industries/healthcare/pharmaceutical-solutions.html', 'https://jabil.com/blog/software-defined-architectures-commercial-vehicles.html', 'https://jabil.com/solutions/engineering.html', 'https://jabil.com/industries/digital-commerce-robotics/retail-automation.html', 'https://jabil.com/industries/energy/smart-grid-and-power-distribution.html', 'https://jabil.com/industries/public-safety-surveillance/public-safety.html', 'https://jabil.com/industries/energy.html', 'https://jabil.com/industries/defense-and-aerospace/commercial-air.html', 'https://jabil.com/cookie-policy.html', 'https://jabil.com', 'https://jabil.com/industries/data-center/cloud-and-enterprise.html', 'https://jabil.com/industries/energy/power-consumption.html', 'https://jabil.com/industries/public-safety-surveillance/screening-identity-management.html', 'https://jabil.com/capability/metals.html', 'https://jabil.com/industries/defense-and-aerospace/defense.html', 'https://jabil.com/solutions/post-production.html', 'https://jabil.com/industries/building-infrastructure/safety-security-and-access.html', 'https://jabil.com/industries/healthcare/diagnostics.html', 'https://jabil.com/industries/digital-commerce-robotics/warehouse-automation-e-commerce.html', 'https://jabil.com/capability/plastics.html', 'https://jabil.com/about-us/sustainability/our-operations-and-resources.html', 'https://jabil.com/industries/semiconductor-equipment/advanced-test-equipment.html', 'https://jabil.com/industries/automotive-and-transportation/automotive-electronics.html', 'https://jabil.com/industries/telecommunications/switching-and-routing.html', 'https://jabil.com/industries/digital-commerce-robotics/robotics-physical-ai.html', 'https://jabil.com/industries/building-infrastructure/building-automation.html', 'https://jabil.com/industries/healthcare.html', 'https://jabil.com/industries/public-safety-surveillance.html', 'https://jabil.com/about-us/news-recognitions-policies/newsroom.html', 'https://jabil.com/about-us/news-recognitions-policies/awards.html', 'https://jabil.com/industries/building-infrastructure/thermal-management.html', 'https://jabil.com/solutions/supply-chain-management.html', 'https://jabil.com/about-us/sustainability/our-people-and-communities.html', 'https://jabil.com/industries/photonics.html', 'https://jabil.com/industries/consumer/packaging.html']
[2026-09-07 00:57:03,799] 109  INFO - Scraping contact info from: https://jabil.com/contact.html
[2026-09-07 00:57:03,908] 429  INFO - response: https://www.startpage.com/ 200
[2026-09-07 00:57:04,122] 429  INFO - response: https://www.startpage.com/sp/search 200
[2026-09-07 00:57:04,123] 209  INFO - Using FIRST valid result: https://www.indiainfo.net/place/dialhealth-medical-447706 -- text snippet: Dialhealth Medical, Rajawadi - Medical supply store in Mumbai Dialhealth Medical is located in Rajawadi area of Mumbai, Maharashtra India. Complete address of Dialhealth Medical:Ground Floor,Suchak Ho...
[2026-09-07 00:57:04,125] 220  INFO - Final DDG result for 'Dialhealth': {'email': None, 'number': None, 'website': 'https://www.indiainfo.net/place/dialhealth-medical-447706'}
[2026-09-07 00:57:04,127] 154  INFO - metrics: Scraping website from Google result for Dialhealth at https://www.indiainfo.net/place/dialhealth-medical-447706
[2026-09-07 00:57:04,129] 191  INFO - scrape website for 
[2026-09-07 00:57:04,129] 26  INFO - Fetching links
[2026-09-07 00:57:04,516] 429  INFO - response: https://www.google.com/sorry/index?continue=https://www.google.com/search%3Fq%3D%2522NX%2BGROUP%2B%2528NIPPON%2BEXPRESS%2BGROUP%2529%2522%2Bsite%253Anipponexpress.com%2Bemail%2Bphone%26sca_esv%3D1%26filter%3D1%26start%3D0%26hl%3Den-US%26lr%3Dlang_en%26cr%3DcountryUS&hl=en-US&q=EgQxJGTFGIj99tQGIjAXBUXuJLl8t60nszXzmqEKSUaTErZDn8-A3EXB3IZe-suhlCuB73pNk0W5bUP6h6cyAnJSWgFD 429
[2026-09-07 00:57:04,517] 209  INFO - Using FIRST valid result: https://www.nipponexpress.com/about/index.html -- text snippet: About Us | NX GROUP (formerly NIPPON EXPRESS GROUP) NX Brand stands for our commitment to quality, a global business network, and accelerating transformation. Home About us Contact our experts Our log...
[2026-09-07 00:57:04,517] 220  INFO - Final DDG result for 'NX GROUP (NIPPON EXPRESS GROUP)': {'email': None, 'number': None, 'website': 'https://www.nipponexpress.com/about/index.html'}
[2026-09-07 00:57:04,518] 154  INFO - metrics: Scraping website from Google result for NX GROUP (NIPPON EXPRESS GROUP) at https://www.nipponexpress.com/about/index.html
[2026-09-07 00:57:04,519] 191  INFO - scrape website for 
[2026-09-07 00:57:04,519] 26  INFO - Fetching links
[2026-09-07 00:57:04,924] 59  INFO - extracted_links:['https://www.indiainfo.net/terms-and-conditions', 'https://www.indiainfo.net/about-us', 'https://www.indiainfo.net/place/puerta-de-la-india-7594236', 'https://www.indiainfo.net/c/medical-supply-store-in-india', 'https://www.indiainfo.net/city/mumbai', 'https://www.indiainfo.net/place/dia-health-medical-3962824', 'https://www.indiainfo.net/privacy-policy', 'https://www.indiainfo.net/place/Dialhealth-medical-447706', 'https://www.indiainfo.net/add-business', 'https://www.indiainfo.net/cat/places-in-india', 'https://www.indiainfo.net/place/misri-medicare-2370762', 'https://www.indiainfo.net/place/gateway-of-india-mumbai-496534', 'https://www.indiainfo.net/place/dialhealth-medical-447706', 'https://www.indiainfo.net/edit-business/dialhealth-medical-447706', 'https://www.indiainfo.net/state/maharashtra', 'https://www.indiainfo.net/remove-business/dialhealth-medical-447706', 'https://www.indiainfo.net/contact-us', 'https://www.indiainfo.net/s/medical-supply-store-in-maharashtra', 'https://www.indiainfo.net/d/medical-supply-store-in-mumbai', 'https://www.indiainfo.net/distance/dialhealth-medical-447706', 'https://www.indiainfo.net/place/phoenix-marketcity-mumbai-248555', 'https://www.indiainfo.net/all-cities', 'https://www.indiainfo.net/']
[2026-09-07 00:57:04,926] 138  INFO - Inside extract content
[2026-09-07 00:57:04,926] 139  INFO - Links: ['https://www.indiainfo.net/terms-and-conditions', 'https://www.indiainfo.net/about-us', 'https://www.indiainfo.net/place/puerta-de-la-india-7594236', 'https://www.indiainfo.net/c/medical-supply-store-in-india', 'https://www.indiainfo.net/city/mumbai', 'https://www.indiainfo.net/place/dia-health-medical-3962824', 'https://www.indiainfo.net/privacy-policy', 'https://www.indiainfo.net/place/Dialhealth-medical-447706', 'https://www.indiainfo.net/add-business', 'https://www.indiainfo.net/cat/places-in-india', 'https://www.indiainfo.net/place/misri-medicare-2370762', 'https://www.indiainfo.net/place/gateway-of-india-mumbai-496534', 'https://www.indiainfo.net/place/dialhealth-medical-447706', 'https://www.indiainfo.net/edit-business/dialhealth-medical-447706', 'https://www.indiainfo.net/state/maharashtra', 'https://www.indiainfo.net/remove-business/dialhealth-medical-447706', 'https://www.indiainfo.net/contact-us', 'https://www.indiainfo.net/s/medical-supply-store-in-maharashtra', 'https://www.indiainfo.net/d/medical-supply-store-in-mumbai', 'https://www.indiainfo.net/distance/dialhealth-medical-447706', 'https://www.indiainfo.net/place/phoenix-marketcity-mumbai-248555', 'https://www.indiainfo.net/all-cities', 'https://www.indiainfo.net/'], use_selenium: NO
[2026-09-07 00:57:04,926] 147  INFO - Contact links found: ['https://www.indiainfo.net/contact-us']
[2026-09-07 00:57:04,926] 148  INFO - Other links found: ['https://www.indiainfo.net/terms-and-conditions', 'https://www.indiainfo.net/about-us', 'https://www.indiainfo.net/place/puerta-de-la-india-7594236', 'https://www.indiainfo.net/c/medical-supply-store-in-india', 'https://www.indiainfo.net/city/mumbai', 'https://www.indiainfo.net/place/dia-health-medical-3962824', 'https://www.indiainfo.net/privacy-policy', 'https://www.indiainfo.net/place/Dialhealth-medical-447706', 'https://www.indiainfo.net/add-business', 'https://www.indiainfo.net/cat/places-in-india', 'https://www.indiainfo.net/place/misri-medicare-2370762', 'https://www.indiainfo.net/place/gateway-of-india-mumbai-496534', 'https://www.indiainfo.net/place/dialhealth-medical-447706', 'https://www.indiainfo.net/edit-business/dialhealth-medical-447706', 'https://www.indiainfo.net/state/maharashtra', 'https://www.indiainfo.net/remove-business/dialhealth-medical-447706', 'https://www.indiainfo.net/s/medical-supply-store-in-maharashtra', 'https://www.indiainfo.net/d/medical-supply-store-in-mumbai', 'https://www.indiainfo.net/distance/dialhealth-medical-447706', 'https://www.indiainfo.net/place/phoenix-marketcity-mumbai-248555', 'https://www.indiainfo.net/all-cities', 'https://www.indiainfo.net/']
[2026-09-07 00:57:04,926] 109  INFO - Scraping contact info from: https://www.indiainfo.net/contact-us
[2026-09-07 00:57:05,097] 59  INFO - extracted_links:['https://www.nipponexpress.com/about/history/', 'https://www.nipponexpress.com/sustainability/', 'https://www.nipponexpress.com/service/solutions/warehouse/distribution-center-cross-dock-center/', 'https://www.nipponexpress.com/service/special/advanced-cargo-handling/', 'https://www.nipponexpress.com/service/solutions/warehouse/warehouse-digital-transformation/', 'https://www.nipponexpress.com/service/industries/fashion-lifestyle.html', 'https://www.nipponexpress.com/service/solutions/warehouse/on-site-logistics/', 'https://www.nipponexpress.com/service/solutions/warehouse/', 'https://www.nipponexpress.com/search/?query=Case%20studies&start=0&count=10&group=2&site=S2H5HJIF&charset=utf-8', 'https://www.nipponexpress.com/brand/our-values-our-journey/', 'https://www.nipponexpress.com/service/transportation/ground/', 'https://www.nipponexpress.com/service/solutions/warehouse/delivery-distribution-services/', 'https://www.nipponexpress.com/service/special/engineering-project-logistics/', 'https://www.nipponexpress.com/press/notice/', 'https://www.nipponexpress.com/search/?query=Jobs&start=0&count=10&group=2&site=S2H5HJIF&charset=utf-8', 'https://www.nipponexpress.com/knowledge/case/', 'https://www.nipponexpress.com/service/solutions/scm/trading-support/', 'https://www.nipponexpress.com/service/solutions/scm/', 'https://www.nipponexpress.com/brand/', 'https://www.nipponexpress.com/sitemap/', 'https://www.nipponexpress.com/location/', 'https://www.nipponexpress.com/service/solutions/warehouse/jit-warehouse/', 'https://www.nipponexpress.com/careers/', 'https://www.nipponexpress.com/service/industries/mobility/', 'https://www.nipponexpress.com/service/solutions/scm/lead-logistics-4pl-services/', 'https://www.nipponexpress.com/service/solutions/warehouse/e-commerce-fulfillment-services/', 'https://www.nipponexpress.com/about/philosophy-vision-value/', 'https://www.nipponexpress.com/service/special/', 'https://www.nipponexpress.com/knowledge/', 'https://www.nipponexpress.com/about/corporate/', 'https://www.nipponexpress.com/search/?query=Sustainability&start=0&count=10&group=2&site=S2H5HJIF&charset=utf-8', 'https://www.nipponexpress.com/service/industries/pharma/', 'https://www.nipponexpress.com/brand/global-business-network/', 'https://www.nipponexpress.com/service/industries/', 'https://www.nipponexpress.com/service/', 'https://www.nipponexpress.com/service/transportation/', 'https://www.nipponexpress.com/brand/accelerating-transformation/', 'https://www.nipponexpress.com/service/transportation/multimodal/', 'https://www.nipponexpress.com/service/solutions/scm/call-center/', 'https://www.nipponexpress.com/service/transportation/ocean/', 'https://www.nipponexpress.com/service/solutions/scm/supply-chain-logistics-consulting/', 'https://www.nipponexpress.com/about/philosophy-vision-value/message/', 'https://www.nipponexpress.com/service/solutions/scm/supply-chain-logistics-visibility-solutions/', 'https://www.nipponexpress.com/service/solutions/warehouse/service-parts-warehouse/', 'https://www.nipponexpress.com/jp/en/site/relocation/', 'https://www.nipponexpress.com/', 'https://www.nipponexpress.com/search/?query=Locations&start=0&count=10&group=2&site=S2H5HJIF&charset=utf-8', 'https://www.nipponexpress.com/service/solutions/', 'https://www.nipponexpress.com/contact/', 'https://www.nipponexpress.com/contact/#talk-experts', 'https://www.nipponexpress.com/brand/nx-group-owned-media/', 'https://www.nipponexpress.com/about/index.html', 'https://www.nipponexpress.com/service/industries/technology/', 'https://www.nipponexpress.com/about/', 'https://www.nipponexpress.com/use/', 'https://www.nipponexpress.com/service/transportation/air/', 'https://www.nipponexpress.com/about/ceo/', 'https://www.nipponexpress.com/press/', 'https://www.nipponexpress.com/brand/commitment-compliance-and-quality/', 'https://www.nipponexpress.com/service/industries/semiconductor.html', 'https://www.nipponexpress.com/service/aid-relief/', 'https://www.nipponexpress.com/search/?query=Tracking&start=0&count=10&group=2&site=S2H5HJIF&charset=utf-8', 'https://www.nipponexpress.com/privacy/', 'https://www.nipponexpress.com/service/solutions/warehouse/reverse-recycling-logistics/']
[2026-09-07 00:57:05,098] 138  INFO - Inside extract content
[2026-09-07 00:57:05,098] 139  INFO - Links: ['https://www.nipponexpress.com/about/history/', 'https://www.nipponexpress.com/sustainability/', 'https://www.nipponexpress.com/service/solutions/warehouse/distribution-center-cross-dock-center/', 'https://www.nipponexpress.com/service/special/advanced-cargo-handling/', 'https://www.nipponexpress.com/service/solutions/warehouse/warehouse-digital-transformation/', 'https://www.nipponexpress.com/service/industries/fashion-lifestyle.html', 'https://www.nipponexpress.com/service/solutions/warehouse/on-site-logistics/', 'https://www.nipponexpress.com/service/solutions/warehouse/', 'https://www.nipponexpress.com/search/?query=Case%20studies&start=0&count=10&group=2&site=S2H5HJIF&charset=utf-8', 'https://www.nipponexpress.com/brand/our-values-our-journey/', 'https://www.nipponexpress.com/service/transportation/ground/', 'https://www.nipponexpress.com/service/solutions/warehouse/delivery-distribution-services/', 'https://www.nipponexpress.com/service/special/engineering-project-logistics/', 'https://www.nipponexpress.com/press/notice/', 'https://www.nipponexpress.com/search/?query=Jobs&start=0&count=10&group=2&site=S2H5HJIF&charset=utf-8', 'https://www.nipponexpress.com/knowledge/case/', 'https://www.nipponexpress.com/service/solutions/scm/trading-support/', 'https://www.nipponexpress.com/service/solutions/scm/', 'https://www.nipponexpress.com/brand/', 'https://www.nipponexpress.com/sitemap/', 'https://www.nipponexpress.com/location/', 'https://www.nipponexpress.com/service/solutions/warehouse/jit-warehouse/', 'https://www.nipponexpress.com/careers/', 'https://www.nipponexpress.com/service/industries/mobility/', 'https://www.nipponexpress.com/service/solutions/scm/lead-logistics-4pl-services/', 'https://www.nipponexpress.com/service/solutions/warehouse/e-commerce-fulfillment-services/', 'https://www.nipponexpress.com/about/philosophy-vision-value/', 'https://www.nipponexpress.com/service/special/', 'https://www.nipponexpress.com/knowledge/', 'https://www.nipponexpress.com/about/corporate/', 'https://www.nipponexpress.com/search/?query=Sustainability&start=0&count=10&group=2&site=S2H5HJIF&charset=utf-8', 'https://www.nipponexpress.com/service/industries/pharma/', 'https://www.nipponexpress.com/brand/global-business-network/', 'https://www.nipponexpress.com/service/industries/', 'https://www.nipponexpress.com/service/', 'https://www.nipponexpress.com/service/transportation/', 'https://www.nipponexpress.com/brand/accelerating-transformation/', 'https://www.nipponexpress.com/service/transportation/multimodal/', 'https://www.nipponexpress.com/service/solutions/scm/call-center/', 'https://www.nipponexpress.com/service/transportation/ocean/', 'https://www.nipponexpress.com/service/solutions/scm/supply-chain-logistics-consulting/', 'https://www.nipponexpress.com/about/philosophy-vision-value/message/', 'https://www.nipponexpress.com/service/solutions/scm/supply-chain-logistics-visibility-solutions/', 'https://www.nipponexpress.com/service/solutions/warehouse/service-parts-warehouse/', 'https://www.nipponexpress.com/jp/en/site/relocation/', 'https://www.nipponexpress.com/', 'https://www.nipponexpress.com/search/?query=Locations&start=0&count=10&group=2&site=S2H5HJIF&charset=utf-8', 'https://www.nipponexpress.com/service/solutions/', 'https://www.nipponexpress.com/contact/', 'https://www.nipponexpress.com/contact/#talk-experts', 'https://www.nipponexpress.com/brand/nx-group-owned-media/', 'https://www.nipponexpress.com/about/index.html', 'https://www.nipponexpress.com/service/industries/technology/', 'https://www.nipponexpress.com/about/', 'https://www.nipponexpress.com/use/', 'https://www.nipponexpress.com/service/transportation/air/', 'https://www.nipponexpress.com/about/ceo/', 'https://www.nipponexpress.com/press/', 'https://www.nipponexpress.com/brand/commitment-compliance-and-quality/', 'https://www.nipponexpress.com/service/industries/semiconductor.html', 'https://www.nipponexpress.com/service/aid-relief/', 'https://www.nipponexpress.com/search/?query=Tracking&start=0&count=10&group=2&site=S2H5HJIF&charset=utf-8', 'https://www.nipponexpress.com/privacy/', 'https://www.nipponexpress.com/service/solutions/warehouse/reverse-recycling-logistics/'], use_selenium: NO
[2026-09-07 00:57:05,099] 147  INFO - Contact links found: ['https://www.nipponexpress.com/contact/', 'https://www.nipponexpress.com/contact/#talk-experts']
[2026-09-07 00:57:05,099] 148  INFO - Other links found: ['https://www.nipponexpress.com/about/history/', 'https://www.nipponexpress.com/sustainability/', 'https://www.nipponexpress.com/service/solutions/warehouse/distribution-center-cross-dock-center/', 'https://www.nipponexpress.com/service/special/advanced-cargo-handling/', 'https://www.nipponexpress.com/service/solutions/warehouse/warehouse-digital-transformation/', 'https://www.nipponexpress.com/service/industries/fashion-lifestyle.html', 'https://www.nipponexpress.com/service/solutions/warehouse/on-site-logistics/', 'https://www.nipponexpress.com/service/solutions/warehouse/', 'https://www.nipponexpress.com/search/?query=Case%20studies&start=0&count=10&group=2&site=S2H5HJIF&charset=utf-8', 'https://www.nipponexpress.com/brand/our-values-our-journey/', 'https://www.nipponexpress.com/service/transportation/ground/', 'https://www.nipponexpress.com/service/solutions/warehouse/delivery-distribution-services/', 'https://www.nipponexpress.com/service/special/engineering-project-logistics/', 'https://www.nipponexpress.com/press/notice/', 'https://www.nipponexpress.com/search/?query=Jobs&start=0&count=10&group=2&site=S2H5HJIF&charset=utf-8', 'https://www.nipponexpress.com/knowledge/case/', 'https://www.nipponexpress.com/service/solutions/scm/trading-support/', 'https://www.nipponexpress.com/service/solutions/scm/', 'https://www.nipponexpress.com/brand/', 'https://www.nipponexpress.com/sitemap/', 'https://www.nipponexpress.com/location/', 'https://www.nipponexpress.com/service/solutions/warehouse/jit-warehouse/', 'https://www.nipponexpress.com/careers/', 'https://www.nipponexpress.com/service/industries/mobility/', 'https://www.nipponexpress.com/service/solutions/scm/lead-logistics-4pl-services/', 'https://www.nipponexpress.com/service/solutions/warehouse/e-commerce-fulfillment-services/', 'https://www.nipponexpress.com/about/philosophy-vision-value/', 'https://www.nipponexpress.com/service/special/', 'https://www.nipponexpress.com/knowledge/', 'https://www.nipponexpress.com/about/corporate/', 'https://www.nipponexpress.com/search/?query=Sustainability&start=0&count=10&group=2&site=S2H5HJIF&charset=utf-8', 'https://www.nipponexpress.com/service/industries/pharma/', 'https://www.nipponexpress.com/brand/global-business-network/', 'https://www.nipponexpress.com/service/industries/', 'https://www.nipponexpress.com/service/', 'https://www.nipponexpress.com/service/transportation/', 'https://www.nipponexpress.com/brand/accelerating-transformation/', 'https://www.nipponexpress.com/service/transportation/multimodal/', 'https://www.nipponexpress.com/service/solutions/scm/call-center/', 'https://www.nipponexpress.com/service/transportation/ocean/', 'https://www.nipponexpress.com/service/solutions/scm/supply-chain-logistics-consulting/', 'https://www.nipponexpress.com/about/philosophy-vision-value/message/', 'https://www.nipponexpress.com/service/solutions/scm/supply-chain-logistics-visibility-solutions/', 'https://www.nipponexpress.com/service/solutions/warehouse/service-parts-warehouse/', 'https://www.nipponexpress.com/jp/en/site/relocation/', 'https://www.nipponexpress.com/', 'https://www.nipponexpress.com/search/?query=Locations&start=0&count=10&group=2&site=S2H5HJIF&charset=utf-8', 'https://www.nipponexpress.com/service/solutions/', 'https://www.nipponexpress.com/brand/nx-group-owned-media/', 'https://www.nipponexpress.com/about/index.html', 'https://www.nipponexpress.com/service/industries/technology/', 'https://www.nipponexpress.com/about/', 'https://www.nipponexpress.com/use/', 'https://www.nipponexpress.com/service/transportation/air/', 'https://www.nipponexpress.com/about/ceo/', 'https://www.nipponexpress.com/press/', 'https://www.nipponexpress.com/brand/commitment-compliance-and-quality/', 'https://www.nipponexpress.com/service/industries/semiconductor.html', 'https://www.nipponexpress.com/service/aid-relief/', 'https://www.nipponexpress.com/search/?query=Tracking&start=0&count=10&group=2&site=S2H5HJIF&charset=utf-8', 'https://www.nipponexpress.com/privacy/', 'https://www.nipponexpress.com/service/solutions/warehouse/reverse-recycling-logistics/']
[2026-09-07 00:57:05,099] 109  INFO - Scraping contact info from: https://www.nipponexpress.com/contact/
[2026-09-07 00:57:05,786] 109  INFO - Scraping contact info from: https://www.nipponexpress.com/contact/#talk-experts
[2026-09-07 00:57:05,955] 159  INFO - metrics: Scraped result from Google website for Dialhealth: {}
[2026-09-07 00:57:06,116] 158  INFO - Contact info found in: https://jabil.com/contact.html, info: {'email': None, 'number': '(727) 577-9749', 'website': None}
[2026-09-07 00:57:06,117] 137  INFO - metrics: Scraped result for Jabil: {'email': None, 'number': '(727) 577-9749', 'scraped_from_link': 'https://jabil.com/contact.html'}
[2026-09-07 00:57:06,117] 142  INFO - metrics: Google searching for Jabil
[2026-09-07 00:57:06,117] 167  INFO - DDG query: "Jabil" site:jabil.com email phone
[2026-09-07 00:57:06,354] 429  INFO - response: https://en.wikipedia.org/w/api.php?action=opensearch&profile=fuzzy&limit=1&search=%22Jabil%22%20site%3Ajabil.com%20email%20phone 200
[2026-09-07 00:57:06,384] 159  INFO - metrics: Scraped result from Google website for NX GROUP (NIPPON EXPRESS GROUP): {}
[2026-09-07 00:57:06,492] 429  INFO - response: https://grokipedia.com/api/typeahead?query=%22Jabil%22+site%3Ajabil.com+email+phone&limit=1 502
[2026-09-07 00:57:07,110] 429  INFO - response: https://www.google.com/sorry/index?continue=https://www.google.com/search%3Fq%3D%2522Jabil%2522%2Bsite%253Ajabil.com%2Bemail%2Bphone%26sca_esv%3D1%26filter%3D1%26start%3D0%26hl%3Den-US%26lr%3Dlang_en%26cr%3DcountryUS&hl=en-US&q=EgQxJGTFGIr99tQGIjB-SW6BuR6uchN0F3rLt4RpAQzJlN7rrDUz7bMb9OhotyP8ZFTANDWbABO6ax34ZtwyAnJSWgFD 429
[2026-09-07 00:57:07,670] 429  INFO - response: https://www.startpage.com/ 200
[2026-09-07 00:57:07,892] 429  INFO - response: https://www.startpage.com/sp/search 200
[2026-09-07 00:57:08,316] 429  INFO - response: https://search.yahoo.com/search;_ylt=lsrBWpRGAjJI2Z5cOG3h6-3U;_ylu=eYyFDvl4PXubSYwq2vbtnUD2fioDj2e39Is_YGGK8_NAYeI?p=%22Jabil%22+site%3Ajabil.com+email+phone 200
[2026-09-07 00:57:08,876] 429  INFO - response: https://html.duckduckgo.com/html/ 202
[2026-09-07 00:57:09,420] 429  INFO - response: https://www.mojeek.com/search?q=%22Jabil%22+site%3Ajabil.com+email+phone 403
[2026-09-07 00:57:09,766] 429  INFO - response: https://search.brave.com/search?q=%22Jabil%22+site%3Ajabil.com+email+phone&source=web 429
[2026-09-07 00:57:09,781] 226  ERROR - DuckDuckGo search error for 'Jabil': No results found.
[2026-09-07 00:57:51,047] 48  INFO - list_of_links from selenium: ['https://lalamove.com']
[2026-09-07 00:57:51,049] 138  INFO - Inside extract content
[2026-09-07 00:57:51,049] 139  INFO - Links: ['https://lalamove.com'], use_selenium: YES
[2026-09-07 00:57:51,049] 83  INFO - Inside extract_content_selenium
[2026-09-07 00:57:51,049] 84  INFO - links:['https://lalamove.com']
[2026-09-07 00:57:51,780] 108  INFO - Contact links found using selenium: []
[2026-09-07 00:57:51,780] 109  INFO - Other links found using selenium: ['https://lalamove.com']
[2026-09-07 00:57:53,993] 137  INFO - metrics: Scraped result for Lalamove: {}
[2026-09-07 00:57:53,993] 142  INFO - metrics: Google searching for Lalamove
[2026-09-07 00:57:53,994] 167  INFO - DDG query: "Lalamove" site:lalamove.com email phone
[2026-09-07 00:57:54,214] 429  INFO - response: https://en.wikipedia.org/w/api.php?action=opensearch&profile=fuzzy&limit=1&search=%22Lalamove%22%20site%3Alalamove.com%20email%20phone 200
[2026-09-07 00:57:54,275] 429  INFO - response: https://grokipedia.com/api/typeahead?query=%22Lalamove%22+site%3Alalamove.com+email+phone&limit=1 502
[2026-09-07 00:57:54,572] 429  INFO - response: https://search.brave.com/search?q=%22Lalamove%22+site%3Alalamove.com+email+phone&source=web 429
[2026-09-07 00:57:55,081] 429  INFO - response: https://www.mojeek.com/search?q=%22Lalamove%22+site%3Alalamove.com+email+phone 403
[2026-09-07 00:57:55,629] 429  INFO - response: https://www.startpage.com/ 200
[2026-09-07 00:57:55,854] 429  INFO - response: https://www.startpage.com/sp/search 200
[2026-09-07 00:57:56,783] 429  INFO - response: https://search.yahoo.com/search;_ylt=HGxPMhRY-qhTYpI2Sj1UN9HP;_ylu=ssBmbXOH7JCaYUD27ID5SIGN15TovZsio5eD3mAgLo7Wjgs?p=%22Lalamove%22+site%3Alalamove.com+email+phone 200
[2026-09-07 00:57:58,186] 429  INFO - response: https://www.google.com/sorry/index?continue=https://www.google.com/search%3Fq%3D%2522Lalamove%2522%2Bsite%253Alalamove.com%2Bemail%2Bphone%26sca_esv%3D1%26filter%3D1%26start%3D0%26hl%3Den-US%26lr%3Dlang_en%26cr%3DcountryUS&hl=en-US&q=EgQxJGTFGL399tQGIjBCFxIVI1nyAPIK4Gj-cmOTtuTBtuuc3fWQI41B1u7_NeS0xpFUJOURKhI6bzy9zEoyAnJSWgFD 429
[2026-09-07 00:57:58,189] 209  INFO - Using FIRST valid result: https://www.lalamove.com/en-my/contact -- text snippet: Contact Us | Lalamove Malaysia Lalamove offers same day delivery services and solutions for consumers and businesses. Do you have a question or comment for us? Find out how you can reach us....
[2026-09-07 00:57:58,189] 220  INFO - Final DDG result for 'Lalamove': {'email': None, 'number': None, 'website': 'https://www.lalamove.com/en-my/contact'}
[2026-09-07 00:57:58,191] 154  INFO - metrics: Scraping website from Google result for Lalamove at https://www.lalamove.com/en-my/contact
[2026-09-07 00:57:58,192] 191  INFO - scrape website for 
[2026-09-07 00:57:58,192] 26  INFO - Fetching links
[2026-09-07 00:58:18,219] 65  ERROR - Error while fetching linkhttps://www.lalamove.com/en-my/contact: HTTPSConnectionPool(host='www.lalamove.com', port=443): Max retries exceeded with url: /en-my/contact (Caused by ConnectTimeoutError(<HTTPSConnection(host='www.lalamove.com', port=443) at 0x227675c2510>, 'Connection to www.lalamove.com timed out. (connect timeout=10)'))
[2026-09-07 00:58:18,219] 66  INFO - Trying Selenium after failing BeautifulSoup
[2026-09-07 00:59:01,831] 53  ERROR - An error occurred while fetching through selenium for url https://www.lalamove.com/en-my/contact: Message: unknown error: net::ERR_CONNECTION_TIMED_OUT
  (Session info: chrome=151.0.7922.170)
Stacktrace:
	chromedriver!GetHandleVerifier [0x7ff641ccabb5+151b5]
	chromedriver!GetHandleVerifier [0x7ff641ccac10+15210]
	chromedriver!(No symbol) [0x7ff6417f5d6d]
	chromedriver!(No symbol) [0x7ff6417f2b29]
	chromedriver!(No symbol) [0x7ff6417e2f51]
	chromedriver!(No symbol) [0x7ff6417e4dbf]
	chromedriver!(No symbol) [0x7ff6417e34f3]
	chromedriver!(No symbol) [0x7ff6417e2cbb]
	chromedriver!(No symbol) [0x7ff6417e2971]
	chromedriver!(No symbol) [0x7ff6417e0641]
	chromedriver!(No symbol) [0x7ff6417e0da2]
	chromedriver!(No symbol) [0x7ff6417fa016]
	chromedriver!(No symbol) [0x7ff64189fa14]
	chromedriver!(No symbol) [0x7ff641879d0a]
	chromedriver!(No symbol) [0x7ff64189ec0b]
	chromedriver!(No symbol) [0x7ff6418437cc]
	chromedriver!(No symbol) [0x7ff6418446f3]
	chromedriver!GetHandleVerifier [0x7ff6422eb79b+635d9b]
	chromedriver!GetHandleVerifier [0x7ff6422e5ac6+6300c6]
	chromedriver!GetHandleVerifier [0x7ff64230bcee+6562ee]
	chromedriver!GetHandleVerifier [0x7ff641ce8ffe+335fe]
	chromedriver!GetHandleVerifier [0x7ff641cf147c+3ba7c]
	chromedriver!GetHandleVerifier [0x7ff641cd4d64+1f364]
	chromedriver!GetHandleVerifier [0x7ff641cd4ef4+1f4f4]
	chromedriver!GetHandleVerifier [0x7ff641cb7d97+2397]
	KERNEL32!BaseThreadInitThunk [0x7ffe701f259d+1d]
	ntdll!RtlUserThreadStart [0x7ffe7168af78+28]

[2026-09-07 00:59:01,831] 159  INFO - metrics: Scraped result from Google website for Lalamove: {}
[2026-09-07 00:59:01,833] 129  INFO - Processing row 21: Connect India E-Commerce Services Private Limited
[2026-09-07 00:59:01,833] 132  INFO - metrics: Scraping website for Connect India E-Commerce Services Private Limited at https://connectindia.com
[2026-09-07 00:59:01,833] 129  INFO - Processing row 22: Mahalakshmi Logistics Pvt. Ltd.
[2026-09-07 00:59:01,834] 132  INFO - metrics: Scraping website for Mahalakshmi Logistics Pvt. Ltd. at https://mahalakshmilogistics.com
[2026-09-07 00:59:01,834] 129  INFO - Processing row 24: Flexifleets
[2026-09-07 00:59:01,834] 142  INFO - metrics: Google searching for Flexifleets
[2026-09-07 00:59:01,834] 129  INFO - Processing row 27: BLG Parekh Logistics
[2026-09-07 00:59:01,834] 142  INFO - metrics: Google searching for BLG Parekh Logistics
[2026-09-07 00:59:01,834] 129  INFO - Processing row 30: A.P. Moller - Maersk
[2026-09-07 00:59:01,834] 132  INFO - metrics: Scraping website for A.P. Moller - Maersk at https://maersk.com
[2026-09-07 00:59:01,835] 167  INFO - DDG query: "Flexifleets" "official website"
[2026-09-07 00:59:01,835] 167  INFO - DDG query: "BLG Parekh Logistics" "official website"
[2026-09-07 00:59:01,836] 191  INFO - scrape website for 
[2026-09-07 00:59:01,836] 26  INFO - Fetching links
[2026-09-07 00:59:01,836] 191  INFO - scrape website for 
[2026-09-07 00:59:01,838] 191  INFO - scrape website for 
[2026-09-07 00:59:01,839] 26  INFO - Fetching links
[2026-09-07 00:59:02,185] 429  INFO - response: https://en.wikipedia.org/w/api.php?action=opensearch&profile=fuzzy&limit=1&search=%22BLG%20Parekh%20Logistics%22%20%22official%20website%22 200
[2026-09-07 00:59:02,187] 429  INFO - response: https://en.wikipedia.org/w/api.php?action=opensearch&profile=fuzzy&limit=1&search=%22Flexifleets%22%20%22official%20website%22 200
[2026-09-07 00:59:02,210] 429  INFO - response: https://grokipedia.com/api/typeahead?query=%22Flexifleets%22+%22official+website%22&limit=1 502
[2026-09-07 00:59:02,220] 429  INFO - response: https://grokipedia.com/api/typeahead?query=%22BLG+Parekh+Logistics%22+%22official+website%22&limit=1 502
[2026-09-07 00:59:02,695] 429  INFO - response: https://search.yahoo.com/search;_ylt=uXlLGVpMnGuYQp-s4fDxfI5i;_ylu=ya9tpWQkCXRkEui8zfZV3YzyFuYzXkRSX-T5Yv_GDQb0kjI?p=%22Flexifleets%22+%22official+website%22 200
[2026-09-07 00:59:02,742] 429  INFO - response: https://www.startpage.com/ 200
[2026-09-07 00:59:02,839] 59  INFO - extracted_links:['https://maersk.com/support/get-started', 'https://maersk.com/industry-sectors/pharma-healthcare-logistics', 'https://maersk.com/insights/logistics-trend-map', 'https://maersk.com/stay-ahead', 'https://maersk.com/news', 'https://maersk.com/industry-sectors/cold-chain-perishables', 'https://maersk.com/why-maersk', 'https://maersk.com/industry-sectors/retail', 'https://maersk.com/industry-sectors/chemicals', 'https://maersk.com/industry-sectors/fmcg', 'https://maersk.com/logistics-explained', 'https://maersk.com/industry-sectors/technology', 'https://maersk.com/industry-sectors/automotive', 'https://maersk.com/transportation-services/inland-services', 'https://maersk.com', 'https://maersk.com/transportation-services/inland-services#contact-us', 'https://maersk.com/insights/filter', 'https://maersk.com/industry-sectors/lifestyle', 'https://maersk.com/east-west-network', 'https://maersk.com/portaluser/register/']
[2026-09-07 00:59:02,842] 138  INFO - Inside extract content
[2026-09-07 00:59:02,842] 139  INFO - Links: ['https://maersk.com/support/get-started', 'https://maersk.com/industry-sectors/pharma-healthcare-logistics', 'https://maersk.com/insights/logistics-trend-map', 'https://maersk.com/stay-ahead', 'https://maersk.com/news', 'https://maersk.com/industry-sectors/cold-chain-perishables', 'https://maersk.com/why-maersk', 'https://maersk.com/industry-sectors/retail', 'https://maersk.com/industry-sectors/chemicals', 'https://maersk.com/industry-sectors/fmcg', 'https://maersk.com/logistics-explained', 'https://maersk.com/industry-sectors/technology', 'https://maersk.com/industry-sectors/automotive', 'https://maersk.com/transportation-services/inland-services', 'https://maersk.com', 'https://maersk.com/transportation-services/inland-services#contact-us', 'https://maersk.com/insights/filter', 'https://maersk.com/industry-sectors/lifestyle', 'https://maersk.com/east-west-network', 'https://maersk.com/portaluser/register/'], use_selenium: NO
[2026-09-07 00:59:02,843] 147  INFO - Contact links found: ['https://maersk.com/transportation-services/inland-services#contact-us']
[2026-09-07 00:59:02,843] 148  INFO - Other links found: ['https://maersk.com/support/get-started', 'https://maersk.com/industry-sectors/pharma-healthcare-logistics', 'https://maersk.com/insights/logistics-trend-map', 'https://maersk.com/stay-ahead', 'https://maersk.com/news', 'https://maersk.com/industry-sectors/cold-chain-perishables', 'https://maersk.com/why-maersk', 'https://maersk.com/industry-sectors/retail', 'https://maersk.com/industry-sectors/chemicals', 'https://maersk.com/industry-sectors/fmcg', 'https://maersk.com/logistics-explained', 'https://maersk.com/industry-sectors/technology', 'https://maersk.com/industry-sectors/automotive', 'https://maersk.com/transportation-services/inland-services', 'https://maersk.com', 'https://maersk.com/insights/filter', 'https://maersk.com/industry-sectors/lifestyle', 'https://maersk.com/east-west-network', 'https://maersk.com/portaluser/register/']
[2026-09-07 00:59:02,843] 109  INFO - Scraping contact info from: https://maersk.com/transportation-services/inland-services#contact-us
[2026-09-07 00:59:02,968] 429  INFO - response: https://www.startpage.com/sp/search 200
[2026-09-07 00:59:03,653] 429  INFO - response: https://search.brave.com/search?q=%22Flexifleets%22+%22official+website%22&source=web 429
[2026-09-07 00:59:03,712] 429  INFO - response: https://www.google.com/sorry/index?continue=https://www.google.com/search%3Fq%3D%2522BLG%2BParekh%2BLogistics%2522%2B%2522official%2Bwebsite%2522%26sca_esv%3D1%26filter%3D1%26start%3D0%26hl%3Den-US%26lr%3Dlang_en%26cr%3DcountryUS&hl=en-US&q=EgQxJGTFGP_99tQGIjA9MVKNfEiZUG9CpRjZc7s39aF78ZLjPRTS12oos4t06ATHDtZaMTwMTYijT0In_rkyAnJSWgFD 429
[2026-09-07 00:59:03,837] 137  INFO - metrics: Scraped result for A.P. Moller - Maersk: {}
[2026-09-07 00:59:03,837] 142  INFO - metrics: Google searching for A.P. Moller - Maersk
[2026-09-07 00:59:03,837] 167  INFO - DDG query: "A.P. Moller - Maersk" site:maersk.com email phone
[2026-09-07 00:59:03,996] 26  INFO - Fetching links
[2026-09-07 00:59:04,052] 429  INFO - response: https://en.wikipedia.org/w/api.php?action=opensearch&profile=fuzzy&limit=1&search=%22A.P.%20Moller%20-%20Maersk%22%20site%3Amaersk.com%20email%20phone 200
[2026-09-07 00:59:04,091] 429  INFO - response: https://grokipedia.com/api/typeahead?query=%22A.P.+Moller+-+Maersk%22+site%3Amaersk.com+email+phone&limit=1 502
[2026-09-07 00:59:04,216] 429  INFO - response: https://www.google.com/sorry/index?continue=https://www.google.com/search%3Fq%3D%2522Flexifleets%2522%2B%2522official%2Bwebsite%2522%26sca_esv%3D1%26filter%3D1%26start%3D0%26hl%3Den-US%26lr%3Dlang_en%26cr%3DcountryUS&hl=en-US&q=EgQxJGTFGID-9tQGIjDGhClKPAFpd6qmFu3lPrxtCLHgTlnatAvGx_1ftFVx9vmd37k8pGXMVAHzrcMoziAyAnJSWgFD 429
[2026-09-07 00:59:04,316] 429  INFO - response: https://html.duckduckgo.com/html/ 200
[2026-09-07 00:59:04,578] 429  INFO - response: https://www.startpage.com/ 200
[2026-09-07 00:59:04,803] 429  INFO - response: https://www.mojeek.com/search?q=%22BLG+Parekh+Logistics%22+%22official+website%22 403
[2026-09-07 00:59:04,806] 429  INFO - response: https://www.startpage.com/sp/search 200
[2026-09-07 00:59:05,099] 429  INFO - response: https://search.brave.com/search?q=%22A.P.+Moller+-+Maersk%22+site%3Amaersk.com+email+phone&source=web 429
[2026-09-07 00:59:05,109] 429  INFO - response: https://search.brave.com/search?q=%22BLG+Parekh+Logistics%22+%22official+website%22&source=web 429
[2026-09-07 00:59:05,130] 220  INFO - Final DDG result for 'BLG Parekh Logistics': {'email': None, 'number': None, 'website': None}
[2026-09-07 00:59:05,274] 429  INFO - response: https://www.startpage.com/ 200
[2026-09-07 00:59:05,517] 429  INFO - response: https://search.yahoo.com/search;_ylt=IdhwGnJnq390uglwZBXfVPmi;_ylu=BfsvP1dC5QfR8X9jXVRHGCVkMgDMXDZJbY9CFiYxe2tPe3g?p=%22A.P.+Moller+-+Maersk%22+site%3Amaersk.com+email+phone 200
[2026-09-07 00:59:05,730] 429  INFO - response: https://www.startpage.com/sp/search 200
[2026-09-07 00:59:06,231] 429  INFO - response: https://www.mojeek.com/search?q=%22Flexifleets%22+%22official+website%22 403
[2026-09-07 00:59:06,233] 209  INFO - Using FIRST valid result: https://www.fleetfeet.com/locations -- text snippet: Fleet Feet Locations Fleet Feet Locations With more than 280 locations across the country, Fleet Feet is your best resource for local running. Click on a city name to explore store details, view locat...
[2026-09-07 00:59:06,233] 220  INFO - Final DDG result for 'Flexifleets': {'email': None, 'number': None, 'website': 'https://www.fleetfeet.com/locations'}
[2026-09-07 00:59:06,234] 154  INFO - metrics: Scraping website from Google result for Flexifleets at https://www.fleetfeet.com/locations
[2026-09-07 00:59:06,236] 191  INFO - scrape website for 
[2026-09-07 00:59:06,236] 26  INFO - Fetching links
[2026-09-07 00:59:06,563] 429  INFO - response: https://www.mojeek.com/search?q=%22A.P.+Moller+-+Maersk%22+site%3Amaersk.com+email+phone 403
[2026-09-07 00:59:07,180] 429  INFO - response: https://www.google.com/sorry/index?continue=https://www.google.com/search%3Fq%3D%2522A.P.%2BMoller%2B-%2BMaersk%2522%2Bsite%253Amaersk.com%2Bemail%2Bphone%26sca_esv%3D1%26filter%3D1%26start%3D0%26hl%3Den-US%26lr%3Dlang_en%26cr%3DcountryUS&hl=en-US&q=EgQxJGTFGIP-9tQGIjCqXWgH0ioJicpp7vIAwxlwLMalbquTvbkgS-ZSBOHMUoRb6cvnN1YKy5SLzU0NtUkyAnJSWgFD 429
[2026-09-07 00:59:07,254] 429  INFO - response: https://html.duckduckgo.com/html/ 202
[2026-09-07 00:59:07,255] 226  ERROR - DuckDuckGo search error for 'A.P. Moller - Maersk': No results found.
[2026-09-07 00:59:07,813] 59  INFO - extracted_links:['https://www.fleetfeet.com/s/santarosa', 'https://www.fleetfeet.com/gifts-for-runners', 'https://www.fleetfeet.com/s/menlopark', 'https://www.fleetfeet.com/browse/socks', 'https://www.fleetfeet.com/browse/shoes/mens/asics', 'https://www.fleetfeet.com/s/nyc', 'https://www.fleetfeet.com/press', 'https://www.fleetfeet.com/browse/shoes/mens/stability-running', 'https://www.fleetfeet.com/browse/massage', 'https://www.fleetfeet.com/browse/currex', 'https://www.fleetfeet.com/browse/pants/mens', 'https://www.fleetfeet.com/kids-running-shoes', 'https://www.fleetfeet.com/s/chattanooga', 'https://www.fleetfeet.com/s/miami', 'https://www.fleetfeet.com/s/indianapolis', 'https://www.fleetfeet.com/s/tampa', 'https://www.fleetfeet.com/s/tupelo', 'https://www.fleetfeet.com/s/lexington', 'https://www.fleetfeet.com/s/houston', 'https://www.fleetfeet.com/s/springfieldpa', 'https://www.fleetfeet.com/browse/sunglasses/fkt-gear', 'https://www.fleetfeet.com/s/wilmington', 'https://www.fleetfeet.com/s/decatur', 'https://www.fleetfeet.com/browse/saucony', 'https://www.fleetfeet.com/s/sarasota', 'https://www.fleetfeet.com/browse/gu-energy', 'https://www.fleetfeet.com/browse/bottles', 'https://www.fleetfeet.com/s/huntsville', 'https://www.fleetfeet.com/browse/shoes/womens/recovery-sandals', 'https://www.fleetfeet.com/s/bronxville', 'https://www.fleetfeet.com/training', 'https://www.fleetfeet.com/browse/shoes/mens/brooks', 'https://www.fleetfeet.com/s/northernvirginia', 'https://www.fleetfeet.com/products/mens-nike-pegasus-plus-2', 'https://www.fleetfeet.com/massage-tools', 'https://www.fleetfeet.com/browse/shoes/womens/adidas', 'https://www.fleetfeet.com/s/brentwoodca', 'https://www.fleetfeet.com/s/sanantonio', 'https://www.fleetfeet.com/browse?collection=shoes-for-work', 'https://www.fleetfeet.com/', 'https://www.fleetfeet.com/s/sacramento', 'https://www.fleetfeet.com/s/toledo', 'https://www.fleetfeet.com/s/pugetsound', 'https://www.fleetfeet.com/browse?collection=strength-and-strides', 'https://www.fleetfeet.com/browse/tights/womens', 'https://www.fleetfeet.com/browse/skirts/womens', 'https://www.fleetfeet.com/running-clothes-buyers-guide', 'https://www.fleetfeet.com/s/foxvalley', 'https://www.fleetfeet.com/browse/salomon', 'https://www.fleetfeet.com/s/syracuse', 'https://www.fleetfeet.com/browse?collection=feminine-grit', 'https://www.fleetfeet.com/s/kingsport', 'https://www.fleetfeet.com/privacy-policy', 'https://www.fleetfeet.com/browse/tops/mens?sort=newest', 'https://www.fleetfeet.com/s/poughkeepsie', 'https://www.fleetfeet.com/browse/shoes/womens/race', 'https://www.fleetfeet.com/browse/vuori', 'https://www.fleetfeet.com/browse/birkenstock', 'https://www.fleetfeet.com/browse/shorts/womens', 'https://www.fleetfeet.com/browse/apparel/mens', 'https://www.fleetfeet.com/browse/socks/balega', 'https://www.fleetfeet.com/s/coloradosprings', 'https://www.fleetfeet.com/s/orlando', 'https://www.fleetfeet.com/browse/balega', 'https://www.fleetfeet.com/s/huntersville', 'https://www.fleetfeet.com/browse?collection=back-to-school', 'https://www.fleetfeet.com/browse/apparel/mens?sort=newest', 'https://www.fleetfeet.com/browse/shoes/womens/trail', 'https://www.fleetfeet.com/s/greensboro', 'https://www.fleetfeet.com/s/atlanta', 'https://www.fleetfeet.com/s/greenvillenc', 'https://www.fleetfeet.com/browse/womens?sort=newest', 'https://www.fleetfeet.com/browse/shoes/womens/altra', 'https://www.fleetfeet.com/s/roanoke', 'https://www.fleetfeet.com/browse?clearance=on', 'https://www.fleetfeet.com/browse/hoodies/mens', 'https://www.fleetfeet.com/s/montclair', 'https://www.fleetfeet.com/s/kansas', 'https://www.fleetfeet.com/browse/shoes/mens?sort=newest', 'https://www.fleetfeet.com/s/peachtreecity', 'https://www.fleetfeet.com/s/semichigan', 'https://www.fleetfeet.com/browse/skin-care', 'https://www.fleetfeet.com/s/agourahills', 'https://www.fleetfeet.com/browse/shokz', 'https://www.fleetfeet.com/s/desmoines', 'https://www.fleetfeet.com/s/charlotte', 'https://www.fleetfeet.com/browse/shoes/tyr', 'https://www.fleetfeet.com/s/hickory', 'https://www.fleetfeet.com/s/sandiego', 'https://www.fleetfeet.com/browse/running-gloves/', 'https://www.fleetfeet.com/gift-cards', 'https://www.fleetfeet.com/s/tallahassee', 'https://www.fleetfeet.com/browse/puma', 'https://www.fleetfeet.com/s/denverboulder', 'https://www.fleetfeet.com/browse/on-running', 'https://www.fleetfeet.com/s/monroe', 'https://www.fleetfeet.com/browse/hoka', 'https://www.fleetfeet.com/browse/shoes/mens/altra', 'https://www.fleetfeet.com/s/longmeadow', 'https://www.fleetfeet.com/browse?sort=newest', 'https://www.fleetfeet.com/s/traversecity', 'https://www.fleetfeet.com/s/cleveland', 'https://www.fleetfeet.com/locations', 'https://www.fleetfeet.com/browse/shoes/womens/hoka', 'https://www.fleetfeet.com/browse/half-zips/mens', 'https://www.fleetfeet.com/browse/tanks/womens', 'https://www.fleetfeet.com/s/westreading', 'https://www.fleetfeet.com/browse/jackets/mens', 'https://www.fleetfeet.com/browse/foam-rollers', 'https://www.fleetfeet.com/s/cda', 'https://www.fleetfeet.com/cookie-policy', 'https://www.fleetfeet.com/browse/garmin', 'https://www.fleetfeet.com/s/corpus', 'https://www.fleetfeet.com/s/westlafayette', 'https://www.fleetfeet.com/browse/shoes/mens/new-balance', 'https://www.fleetfeet.com/s/augusta', 'https://www.fleetfeet.com/franchising', 'https://www.fleetfeet.com/browse/shoes/mens/mizuno', 'https://www.fleetfeet.com/s/princeton', 'https://www.fleetfeet.com/browse/jackets/womens', 'https://www.fleetfeet.com/browse/altra', 'https://www.fleetfeet.com/browse/shoes/womens/on-running', 'https://www.fleetfeet.com/browse/shoes/mens', 'https://www.fleetfeet.com/s/jupiter', 'https://www.fleetfeet.com/s/albuquerque', 'https://www.fleetfeet.com/browse/electronics', 'https://www.fleetfeet.com/browse/cep', 'https://www.fleetfeet.com/browse/diadora', 'https://www.fleetfeet.com/s/hartford', 'https://www.fleetfeet.com/browse/compression', 'https://www.fleetfeet.com/browse/apparel/womens', 'https://www.fleetfeet.com/browse/safety', 'https://www.fleetfeet.com/browse/oofos', 'https://www.fleetfeet.com/s/clarksville', 'https://www.fleetfeet.com/s/vacaville', 'https://www.fleetfeet.com/browse/face-masks-gaiters', 'https://www.fleetfeet.com/running-shoe-buyers-guide', 'https://www.fleetfeet.com/browse/brooks', 'https://www.fleetfeet.com/browse/shoes/womens/asics', 'https://www.fleetfeet.com/s/murfreesboro', 'https://www.fleetfeet.com/browse/shoes/womens/nike', 'https://www.fleetfeet.com/s/fayettevillenc', 'https://www.fleetfeet.com/browse/tanks/mens', 'https://www.fleetfeet.com/s/jeffersoncity', 'https://www.fleetfeet.com/races', 'https://www.fleetfeet.com/s/mishawaka', 'https://www.fleetfeet.com/browse?collection=gifts-under-100', 'https://www.fleetfeet.com/s/myrtlebeach', 'https://www.fleetfeet.com/franchising#why-fleet-feet', 'https://www.fleetfeet.com/browse?collection=trending-now', 'https://www.fleetfeet.com/s/metairie', 'https://www.fleetfeet.com/browse/shorts/mens', 'https://www.fleetfeet.com/browse/shoes/womens?clearance=on', 'https://www.fleetfeet.com/browse/shirts/womens', 'https://www.fleetfeet.com/browse/new-balance', 'https://www.fleetfeet.com/who-we-are', 'https://www.fleetfeet.com/fit-process', 'https://www.fleetfeet.com/browse/shoes/mens/track', 'https://www.fleetfeet.com/shoe-calendar', 'https://www.fleetfeet.com/s/hartford/', 'https://www.fleetfeet.com/browse/chicknlegs', 'https://www.fleetfeet.com/s/mcallen', 'https://www.fleetfeet.com/browse/hats-headwear', 'https://www.fleetfeet.com/s/fortworth', 'https://www.fleetfeet.com/s/oxford', 'https://www.fleetfeet.com/s/nashville', 'https://www.fleetfeet.com/franchising#franchising-faq', 'https://www.fleetfeet.com/browse/sports-bras', 'https://www.fleetfeet.com/browse/sports-bras/womens?sort=newest', 'https://www.fleetfeet.com/s/pdx', 'https://www.fleetfeet.com/s/hoboken', 'https://www.fleetfeet.com/s/dc', 'https://www.fleetfeet.com/s/jacksonvillenc', 'https://www.fleetfeet.com/browse/shoes/womens/track', 'https://www.fleetfeet.com/browse/gels', 'https://www.fleetfeet.com/browse/insoles/superfeet', 'https://www.fleetfeet.com/browse/gps-watches', 'https://www.fleetfeet.com/browse/amphipod', 'https://www.fleetfeet.com/browse/braces-supports', 'https://www.fleetfeet.com/browse/varley', 'https://www.fleetfeet.com/s/mechanicsburg', 'https://www.fleetfeet.com/browse/asics', 'https://www.fleetfeet.com/browse/shoes/mens/hoka', 'https://www.fleetfeet.com/browse/shoes?sort=popular', 'https://www.fleetfeet.com/browse/shoes/womens/saucony', 'https://www.fleetfeet.com/promotions', 'https://www.fleetfeet.com/s/queencreek', 'https://www.fleetfeet.com/browse/compression/mens', 'https://www.fleetfeet.com/s/inletbeach', 'https://www.fleetfeet.com/do-the-run-thing', 'https://www.fleetfeet.com/s/rochester', 'https://www.fleetfeet.com/s/omaha', 'https://www.fleetfeet.com/terms-of-use', 'https://www.fleetfeet.com/browse/shoes/womens', 'https://www.fleetfeet.com/browse/insoles/currex', 'https://www.fleetfeet.com/browse/bars', 'https://www.fleetfeet.com/browse/shoes/mens/race', 'https://www.fleetfeet.com/s/vabeach', 'https://www.fleetfeet.com/browse/sprints', 'https://www.fleetfeet.com/s/nashua', 'https://www.fleetfeet.com/s/wichita', 'https://www.fleetfeet.com/s/birmingham', 'https://www.fleetfeet.com/browse/injury-prevention-treatment', 'https://www.fleetfeet.com/s/mobile-pensacola', 'https://www.fleetfeet.com/browse/rabbit', 'https://www.fleetfeet.com/s/chico', 'https://www.fleetfeet.com/s/gaithersburg', 'https://www.fleetfeet.com/s/madison', 'https://www.fleetfeet.com/browse/gear', 'https://www.fleetfeet.com/browse/mizuno', 'https://www.fleetfeet.com/s/pleasanton', 'https://www.fleetfeet.com/s/bloomington', 'https://www.fleetfeet.com/browse/shoes/mens?sort=popular', 'https://www.fleetfeet.com/s/fortmyers', 'https://www.fleetfeet.com/products/womens-nike-pegasus-plus-2', 'https://www.fleetfeet.com/s/greenville', 'https://www.fleetfeet.com/browse/shoes/track?sort=newest', 'https://www.fleetfeet.com/browse/vests/womens', 'https://www.fleetfeet.com/rewards', 'https://www.fleetfeet.com/s/modesto', 'https://www.fleetfeet.com/browse/shoes', 'https://www.fleetfeet.com/s/youngstown', 'https://www.fleetfeet.com/returns', 'https://www.fleetfeet.com/browse/superfeet', 'https://www.fleetfeet.com/s/newsmyrnabeach', 'https://www.fleetfeet.com/franchising#support', 'https://www.fleetfeet.com/best-running-gear', 'https://www.fleetfeet.com/browse?collection=gifts-under-25', 'https://www.fleetfeet.com/browse/hoodies/womens', 'https://www.fleetfeet.com/s/austin', 'https://www.fleetfeet.com/s/cincy', 'https://www.fleetfeet.com/s/richmond', 'https://www.fleetfeet.com/s/albany', 'https://www.fleetfeet.com/s/springfield', 'https://www.fleetfeet.com/browse/bottoms/mens?sort=newest', 'https://www.fleetfeet.com/browse/belts', 'https://www.fleetfeet.com/browse/cotopaxi', 'https://www.fleetfeet.com/s/tucson', 'https://www.fleetfeet.com/browse/mens', 'https://www.fleetfeet.com/browse/karhu', 'https://www.fleetfeet.com/s/ranchocucamonga', 'https://www.fleetfeet.com/s/folsom', 'https://www.fleetfeet.com/browse/shoes/womens/karhu', 'https://www.fleetfeet.com/accessibility', 'https://www.fleetfeet.com/s/spokane', 'https://www.fleetfeet.com/browse/shoes/mens/nike', 'https://www.fleetfeet.com/browse/pants/womens', 'https://www.fleetfeet.com/s/tricities', 'https://www.fleetfeet.com/browse/shoes/womens/mizuno', 'https://www.fleetfeet.com/s/meridian', 'https://www.fleetfeet.com/browse/shoes/womens?sort=newest', 'https://www.fleetfeet.com/franchising#converting-faq', 'https://www.fleetfeet.com/browse/womens?clearance=on', 'https://www.fleetfeet.com/s/burbank', 'https://www.fleetfeet.com/s/knoxville', 'https://www.fleetfeet.com/browse/shoes/womens/stability-running', 'https://www.fleetfeet.com/s/davenport', 'https://www.fleetfeet.com/s/asheville', 'https://www.fleetfeet.com/s/columbus', 'https://www.fleetfeet.com/s/lincoln', 'https://www.fleetfeet.com/s/utah', 'https://www.fleetfeet.com/browse/shoes/mens/neutral', 'https://www.fleetfeet.com/s/redding', 'https://www.fleetfeet.com/blog', 'https://www.fleetfeet.com/browse/chews', 'https://www.fleetfeet.com/s/fortwayne', 'https://www.fleetfeet.com/browse/shoes/womens/neutral', 'https://www.fleetfeet.com/browse/miscellaneous', 'https://www.fleetfeet.com/browse/shoes/mens/adidas', 'https://www.fleetfeet.com/browse/bottoms/womens?sort=newest', 'https://www.fleetfeet.com/s/savannah', 'https://www.fleetfeet.com/s/westport', 'https://www.fleetfeet.com/s/burlington', 'https://www.fleetfeet.com/browse/shoes/womens/brooks', 'https://www.fleetfeet.com/browse/shoes/mens/recovery-sandals', 'https://www.fleetfeet.com/s/monterey', 'https://www.fleetfeet.com/s/delray', 'https://www.fleetfeet.com/browse/shoes/mens/on-running', 'https://www.fleetfeet.com/browse/packs', 'https://www.fleetfeet.com/s/rockford', 'https://www.fleetfeet.com/s/montgomery', 'https://www.fleetfeet.com/browse/insoles', 'https://www.fleetfeet.com/browse/shoes/mens/saucony', 'https://www.fleetfeet.com/s/mechanicsburg/', 'https://www.fleetfeet.com/browse/hydration', 'https://www.fleetfeet.com/how-to-start-running', 'https://www.fleetfeet.com/s/athens', 'https://www.fleetfeet.com/browse/shoes/womens/walking', 'https://www.fleetfeet.com/lululemon', 'https://www.fleetfeet.com/browse/mens?sort=newest', 'https://www.fleetfeet.com/browse/shoes/womens/cross-country', 'https://www.fleetfeet.com/s/bowlinggreen', 'https://www.fleetfeet.com/privacy-policy#notice-at-collection', 'https://www.fleetfeet.com/browse/shoes/mens/cross-country', 'https://www.fleetfeet.com/browse/shoes/mens?clearance=on', 'https://www.fleetfeet.com/browse/shoes/mens/karhu', 'https://www.fleetfeet.com/s/columbia', 'https://www.fleetfeet.com/browse/womens', 'https://www.fleetfeet.com/browse/goodr', 'https://www.fleetfeet.com/browse/nathan-sports', 'https://www.fleetfeet.com/s/littlerock', 'https://www.fleetfeet.com/browse/compression/womens', 'https://www.fleetfeet.com/browse/apparel/womens?sort=newest', 'https://www.fleetfeet.com/s/roundrock', 'https://www.fleetfeet.com/s/seattle', 'https://www.fleetfeet.com/browse?collection=peak-prep', 'https://www.fleetfeet.com/browse/drinks', 'https://www.fleetfeet.com/s/aptos', 'https://www.fleetfeet.com/s/mountpleasant', 'https://www.fleetfeet.com/price-match-policy', 'https://www.fleetfeet.com/browse/shoes/womens?sort=popular', 'https://www.fleetfeet.com/s/minneapolis', 'https://www.fleetfeet.com/s/tulsa', 'https://www.fleetfeet.com/s/buffalo', 'https://www.fleetfeet.com/browse?collection=lifestyle', 'https://www.fleetfeet.com/browse/nutrition', 'https://www.fleetfeet.com/s/louisville', 'https://www.fleetfeet.com/browse/shoes/mens/trail', 'https://www.fleetfeet.com/s/hattiesburg', 'https://www.fleetfeet.com/s/longbeach', 'https://www.fleetfeet.com/browse/shirts/mens', 'https://www.fleetfeet.com/s/columbiamo', 'https://www.fleetfeet.com/s/decaturil', 'https://www.fleetfeet.com/browse/music-accessories', 'https://www.fleetfeet.com/browse/nike', 'https://www.fleetfeet.com/contact', 'https://www.fleetfeet.com/s/dallas', 'https://www.fleetfeet.com/browse/shoes/mens/walking', 'https://www.fleetfeet.com/s/memphis', 'https://www.fleetfeet.com/s/schererville', 'https://www.fleetfeet.com/browse/socks/feetures', 'https://www.fleetfeet.com/s/stuart', 'https://www.fleetfeet.com/browse/gear?sort=newest', 'https://www.fleetfeet.com/s/carrboro', 'https://www.fleetfeet.com/browse/adidas', 'https://www.fleetfeet.com/browse/tops/womens?sort=newest', 'https://www.fleetfeet.com/s/thevillages', 'https://www.fleetfeet.com/s/chicago', 'https://www.fleetfeet.com/s/prescott', 'https://www.fleetfeet.com/s/fresno', 'https://www.fleetfeet.com/browse/plantar-fasciitis', 'https://www.fleetfeet.com/s/northjersey', 'https://www.fleetfeet.com/browse/vests/mens', 'https://www.fleetfeet.com/s/raleigh', 'https://www.fleetfeet.com/browse/half-zips/womens', 'https://www.fleetfeet.com/browse?collection=gifts-under-50', 'https://www.fleetfeet.com/s/ln', 'https://www.fleetfeet.com/browse/running-gloves', 'https://www.fleetfeet.com/browse/shoes/womens/new-balance', 'https://www.fleetfeet.com/s/winston-salem', 'https://www.fleetfeet.com/s/pittsburgh', 'https://www.fleetfeet.com/browse/tights/mens', 'https://www.fleetfeet.com/data-preferences', 'https://www.fleetfeet.com/browse/sunglasses', 'https://www.fleetfeet.com/s/stlouis', 'https://www.fleetfeet.com/browse/strollers', 'https://www.fleetfeet.com/browse/mens?clearance=on', 'https://www.fleetfeet.com/browse', 'https://www.fleetfeet.com/s/jacksontn', 'https://www.fleetfeet.com/s/vancouver', 'https://www.fleetfeet.com/browse?collection=everyday-energy']
[2026-09-07 00:59:07,815] 138  INFO - Inside extract content
[2026-09-07 00:59:07,815] 139  INFO - Links: ['https://www.fleetfeet.com/s/santarosa', 'https://www.fleetfeet.com/gifts-for-runners', 'https://www.fleetfeet.com/s/menlopark', 'https://www.fleetfeet.com/browse/socks', 'https://www.fleetfeet.com/browse/shoes/mens/asics', 'https://www.fleetfeet.com/s/nyc', 'https://www.fleetfeet.com/press', 'https://www.fleetfeet.com/browse/shoes/mens/stability-running', 'https://www.fleetfeet.com/browse/massage', 'https://www.fleetfeet.com/browse/currex', 'https://www.fleetfeet.com/browse/pants/mens', 'https://www.fleetfeet.com/kids-running-shoes', 'https://www.fleetfeet.com/s/chattanooga', 'https://www.fleetfeet.com/s/miami', 'https://www.fleetfeet.com/s/indianapolis', 'https://www.fleetfeet.com/s/tampa', 'https://www.fleetfeet.com/s/tupelo', 'https://www.fleetfeet.com/s/lexington', 'https://www.fleetfeet.com/s/houston', 'https://www.fleetfeet.com/s/springfieldpa', 'https://www.fleetfeet.com/browse/sunglasses/fkt-gear', 'https://www.fleetfeet.com/s/wilmington', 'https://www.fleetfeet.com/s/decatur', 'https://www.fleetfeet.com/browse/saucony', 'https://www.fleetfeet.com/s/sarasota', 'https://www.fleetfeet.com/browse/gu-energy', 'https://www.fleetfeet.com/browse/bottles', 'https://www.fleetfeet.com/s/huntsville', 'https://www.fleetfeet.com/browse/shoes/womens/recovery-sandals', 'https://www.fleetfeet.com/s/bronxville', 'https://www.fleetfeet.com/training', 'https://www.fleetfeet.com/browse/shoes/mens/brooks', 'https://www.fleetfeet.com/s/northernvirginia', 'https://www.fleetfeet.com/products/mens-nike-pegasus-plus-2', 'https://www.fleetfeet.com/massage-tools', 'https://www.fleetfeet.com/browse/shoes/womens/adidas', 'https://www.fleetfeet.com/s/brentwoodca', 'https://www.fleetfeet.com/s/sanantonio', 'https://www.fleetfeet.com/browse?collection=shoes-for-work', 'https://www.fleetfeet.com/', 'https://www.fleetfeet.com/s/sacramento', 'https://www.fleetfeet.com/s/toledo', 'https://www.fleetfeet.com/s/pugetsound', 'https://www.fleetfeet.com/browse?collection=strength-and-strides', 'https://www.fleetfeet.com/browse/tights/womens', 'https://www.fleetfeet.com/browse/skirts/womens', 'https://www.fleetfeet.com/running-clothes-buyers-guide', 'https://www.fleetfeet.com/s/foxvalley', 'https://www.fleetfeet.com/browse/salomon', 'https://www.fleetfeet.com/s/syracuse', 'https://www.fleetfeet.com/browse?collection=feminine-grit', 'https://www.fleetfeet.com/s/kingsport', 'https://www.fleetfeet.com/privacy-policy', 'https://www.fleetfeet.com/browse/tops/mens?sort=newest', 'https://www.fleetfeet.com/s/poughkeepsie', 'https://www.fleetfeet.com/browse/shoes/womens/race', 'https://www.fleetfeet.com/browse/vuori', 'https://www.fleetfeet.com/browse/birkenstock', 'https://www.fleetfeet.com/browse/shorts/womens', 'https://www.fleetfeet.com/browse/apparel/mens', 'https://www.fleetfeet.com/browse/socks/balega', 'https://www.fleetfeet.com/s/coloradosprings', 'https://www.fleetfeet.com/s/orlando', 'https://www.fleetfeet.com/browse/balega', 'https://www.fleetfeet.com/s/huntersville', 'https://www.fleetfeet.com/browse?collection=back-to-school', 'https://www.fleetfeet.com/browse/apparel/mens?sort=newest', 'https://www.fleetfeet.com/browse/shoes/womens/trail', 'https://www.fleetfeet.com/s/greensboro', 'https://www.fleetfeet.com/s/atlanta', 'https://www.fleetfeet.com/s/greenvillenc', 'https://www.fleetfeet.com/browse/womens?sort=newest', 'https://www.fleetfeet.com/browse/shoes/womens/altra', 'https://www.fleetfeet.com/s/roanoke', 'https://www.fleetfeet.com/browse?clearance=on', 'https://www.fleetfeet.com/browse/hoodies/mens', 'https://www.fleetfeet.com/s/montclair', 'https://www.fleetfeet.com/s/kansas', 'https://www.fleetfeet.com/browse/shoes/mens?sort=newest', 'https://www.fleetfeet.com/s/peachtreecity', 'https://www.fleetfeet.com/s/semichigan', 'https://www.fleetfeet.com/browse/skin-care', 'https://www.fleetfeet.com/s/agourahills', 'https://www.fleetfeet.com/browse/shokz', 'https://www.fleetfeet.com/s/desmoines', 'https://www.fleetfeet.com/s/charlotte', 'https://www.fleetfeet.com/browse/shoes/tyr', 'https://www.fleetfeet.com/s/hickory', 'https://www.fleetfeet.com/s/sandiego', 'https://www.fleetfeet.com/browse/running-gloves/', 'https://www.fleetfeet.com/gift-cards', 'https://www.fleetfeet.com/s/tallahassee', 'https://www.fleetfeet.com/browse/puma', 'https://www.fleetfeet.com/s/denverboulder', 'https://www.fleetfeet.com/browse/on-running', 'https://www.fleetfeet.com/s/monroe', 'https://www.fleetfeet.com/browse/hoka', 'https://www.fleetfeet.com/browse/shoes/mens/altra', 'https://www.fleetfeet.com/s/longmeadow', 'https://www.fleetfeet.com/browse?sort=newest', 'https://www.fleetfeet.com/s/traversecity', 'https://www.fleetfeet.com/s/cleveland', 'https://www.fleetfeet.com/locations', 'https://www.fleetfeet.com/browse/shoes/womens/hoka', 'https://www.fleetfeet.com/browse/half-zips/mens', 'https://www.fleetfeet.com/browse/tanks/womens', 'https://www.fleetfeet.com/s/westreading', 'https://www.fleetfeet.com/browse/jackets/mens', 'https://www.fleetfeet.com/browse/foam-rollers', 'https://www.fleetfeet.com/s/cda', 'https://www.fleetfeet.com/cookie-policy', 'https://www.fleetfeet.com/browse/garmin', 'https://www.fleetfeet.com/s/corpus', 'https://www.fleetfeet.com/s/westlafayette', 'https://www.fleetfeet.com/browse/shoes/mens/new-balance', 'https://www.fleetfeet.com/s/augusta', 'https://www.fleetfeet.com/franchising', 'https://www.fleetfeet.com/browse/shoes/mens/mizuno', 'https://www.fleetfeet.com/s/princeton', 'https://www.fleetfeet.com/browse/jackets/womens', 'https://www.fleetfeet.com/browse/altra', 'https://www.fleetfeet.com/browse/shoes/womens/on-running', 'https://www.fleetfeet.com/browse/shoes/mens', 'https://www.fleetfeet.com/s/jupiter', 'https://www.fleetfeet.com/s/albuquerque', 'https://www.fleetfeet.com/browse/electronics', 'https://www.fleetfeet.com/browse/cep', 'https://www.fleetfeet.com/browse/diadora', 'https://www.fleetfeet.com/s/hartford', 'https://www.fleetfeet.com/browse/compression', 'https://www.fleetfeet.com/browse/apparel/womens', 'https://www.fleetfeet.com/browse/safety', 'https://www.fleetfeet.com/browse/oofos', 'https://www.fleetfeet.com/s/clarksville', 'https://www.fleetfeet.com/s/vacaville', 'https://www.fleetfeet.com/browse/face-masks-gaiters', 'https://www.fleetfeet.com/running-shoe-buyers-guide', 'https://www.fleetfeet.com/browse/brooks', 'https://www.fleetfeet.com/browse/shoes/womens/asics', 'https://www.fleetfeet.com/s/murfreesboro', 'https://www.fleetfeet.com/browse/shoes/womens/nike', 'https://www.fleetfeet.com/s/fayettevillenc', 'https://www.fleetfeet.com/browse/tanks/mens', 'https://www.fleetfeet.com/s/jeffersoncity', 'https://www.fleetfeet.com/races', 'https://www.fleetfeet.com/s/mishawaka', 'https://www.fleetfeet.com/browse?collection=gifts-under-100', 'https://www.fleetfeet.com/s/myrtlebeach', 'https://www.fleetfeet.com/franchising#why-fleet-feet', 'https://www.fleetfeet.com/browse?collection=trending-now', 'https://www.fleetfeet.com/s/metairie', 'https://www.fleetfeet.com/browse/shorts/mens', 'https://www.fleetfeet.com/browse/shoes/womens?clearance=on', 'https://www.fleetfeet.com/browse/shirts/womens', 'https://www.fleetfeet.com/browse/new-balance', 'https://www.fleetfeet.com/who-we-are', 'https://www.fleetfeet.com/fit-process', 'https://www.fleetfeet.com/browse/shoes/mens/track', 'https://www.fleetfeet.com/shoe-calendar', 'https://www.fleetfeet.com/s/hartford/', 'https://www.fleetfeet.com/browse/chicknlegs', 'https://www.fleetfeet.com/s/mcallen', 'https://www.fleetfeet.com/browse/hats-headwear', 'https://www.fleetfeet.com/s/fortworth', 'https://www.fleetfeet.com/s/oxford', 'https://www.fleetfeet.com/s/nashville', 'https://www.fleetfeet.com/franchising#franchising-faq', 'https://www.fleetfeet.com/browse/sports-bras', 'https://www.fleetfeet.com/browse/sports-bras/womens?sort=newest', 'https://www.fleetfeet.com/s/pdx', 'https://www.fleetfeet.com/s/hoboken', 'https://www.fleetfeet.com/s/dc', 'https://www.fleetfeet.com/s/jacksonvillenc', 'https://www.fleetfeet.com/browse/shoes/womens/track', 'https://www.fleetfeet.com/browse/gels', 'https://www.fleetfeet.com/browse/insoles/superfeet', 'https://www.fleetfeet.com/browse/gps-watches', 'https://www.fleetfeet.com/browse/amphipod', 'https://www.fleetfeet.com/browse/braces-supports', 'https://www.fleetfeet.com/browse/varley', 'https://www.fleetfeet.com/s/mechanicsburg', 'https://www.fleetfeet.com/browse/asics', 'https://www.fleetfeet.com/browse/shoes/mens/hoka', 'https://www.fleetfeet.com/browse/shoes?sort=popular', 'https://www.fleetfeet.com/browse/shoes/womens/saucony', 'https://www.fleetfeet.com/promotions', 'https://www.fleetfeet.com/s/queencreek', 'https://www.fleetfeet.com/browse/compression/mens', 'https://www.fleetfeet.com/s/inletbeach', 'https://www.fleetfeet.com/do-the-run-thing', 'https://www.fleetfeet.com/s/rochester', 'https://www.fleetfeet.com/s/omaha', 'https://www.fleetfeet.com/terms-of-use', 'https://www.fleetfeet.com/browse/shoes/womens', 'https://www.fleetfeet.com/browse/insoles/currex', 'https://www.fleetfeet.com/browse/bars', 'https://www.fleetfeet.com/browse/shoes/mens/race', 'https://www.fleetfeet.com/s/vabeach', 'https://www.fleetfeet.com/browse/sprints', 'https://www.fleetfeet.com/s/nashua', 'https://www.fleetfeet.com/s/wichita', 'https://www.fleetfeet.com/s/birmingham', 'https://www.fleetfeet.com/browse/injury-prevention-treatment', 'https://www.fleetfeet.com/s/mobile-pensacola', 'https://www.fleetfeet.com/browse/rabbit', 'https://www.fleetfeet.com/s/chico', 'https://www.fleetfeet.com/s/gaithersburg', 'https://www.fleetfeet.com/s/madison', 'https://www.fleetfeet.com/browse/gear', 'https://www.fleetfeet.com/browse/mizuno', 'https://www.fleetfeet.com/s/pleasanton', 'https://www.fleetfeet.com/s/bloomington', 'https://www.fleetfeet.com/browse/shoes/mens?sort=popular', 'https://www.fleetfeet.com/s/fortmyers', 'https://www.fleetfeet.com/products/womens-nike-pegasus-plus-2', 'https://www.fleetfeet.com/s/greenville', 'https://www.fleetfeet.com/browse/shoes/track?sort=newest', 'https://www.fleetfeet.com/browse/vests/womens', 'https://www.fleetfeet.com/rewards', 'https://www.fleetfeet.com/s/modesto', 'https://www.fleetfeet.com/browse/shoes', 'https://www.fleetfeet.com/s/youngstown', 'https://www.fleetfeet.com/returns', 'https://www.fleetfeet.com/browse/superfeet', 'https://www.fleetfeet.com/s/newsmyrnabeach', 'https://www.fleetfeet.com/franchising#support', 'https://www.fleetfeet.com/best-running-gear', 'https://www.fleetfeet.com/browse?collection=gifts-under-25', 'https://www.fleetfeet.com/browse/hoodies/womens', 'https://www.fleetfeet.com/s/austin', 'https://www.fleetfeet.com/s/cincy', 'https://www.fleetfeet.com/s/richmond', 'https://www.fleetfeet.com/s/albany', 'https://www.fleetfeet.com/s/springfield', 'https://www.fleetfeet.com/browse/bottoms/mens?sort=newest', 'https://www.fleetfeet.com/browse/belts', 'https://www.fleetfeet.com/browse/cotopaxi', 'https://www.fleetfeet.com/s/tucson', 'https://www.fleetfeet.com/browse/mens', 'https://www.fleetfeet.com/browse/karhu', 'https://www.fleetfeet.com/s/ranchocucamonga', 'https://www.fleetfeet.com/s/folsom', 'https://www.fleetfeet.com/browse/shoes/womens/karhu', 'https://www.fleetfeet.com/accessibility', 'https://www.fleetfeet.com/s/spokane', 'https://www.fleetfeet.com/browse/shoes/mens/nike', 'https://www.fleetfeet.com/browse/pants/womens', 'https://www.fleetfeet.com/s/tricities', 'https://www.fleetfeet.com/browse/shoes/womens/mizuno', 'https://www.fleetfeet.com/s/meridian', 'https://www.fleetfeet.com/browse/shoes/womens?sort=newest', 'https://www.fleetfeet.com/franchising#converting-faq', 'https://www.fleetfeet.com/browse/womens?clearance=on', 'https://www.fleetfeet.com/s/burbank', 'https://www.fleetfeet.com/s/knoxville', 'https://www.fleetfeet.com/browse/shoes/womens/stability-running', 'https://www.fleetfeet.com/s/davenport', 'https://www.fleetfeet.com/s/asheville', 'https://www.fleetfeet.com/s/columbus', 'https://www.fleetfeet.com/s/lincoln', 'https://www.fleetfeet.com/s/utah', 'https://www.fleetfeet.com/browse/shoes/mens/neutral', 'https://www.fleetfeet.com/s/redding', 'https://www.fleetfeet.com/blog', 'https://www.fleetfeet.com/browse/chews', 'https://www.fleetfeet.com/s/fortwayne', 'https://www.fleetfeet.com/browse/shoes/womens/neutral', 'https://www.fleetfeet.com/browse/miscellaneous', 'https://www.fleetfeet.com/browse/shoes/mens/adidas', 'https://www.fleetfeet.com/browse/bottoms/womens?sort=newest', 'https://www.fleetfeet.com/s/savannah', 'https://www.fleetfeet.com/s/westport', 'https://www.fleetfeet.com/s/burlington', 'https://www.fleetfeet.com/browse/shoes/womens/brooks', 'https://www.fleetfeet.com/browse/shoes/mens/recovery-sandals', 'https://www.fleetfeet.com/s/monterey', 'https://www.fleetfeet.com/s/delray', 'https://www.fleetfeet.com/browse/shoes/mens/on-running', 'https://www.fleetfeet.com/browse/packs', 'https://www.fleetfeet.com/s/rockford', 'https://www.fleetfeet.com/s/montgomery', 'https://www.fleetfeet.com/browse/insoles', 'https://www.fleetfeet.com/browse/shoes/mens/saucony', 'https://www.fleetfeet.com/s/mechanicsburg/', 'https://www.fleetfeet.com/browse/hydration', 'https://www.fleetfeet.com/how-to-start-running', 'https://www.fleetfeet.com/s/athens', 'https://www.fleetfeet.com/browse/shoes/womens/walking', 'https://www.fleetfeet.com/lululemon', 'https://www.fleetfeet.com/browse/mens?sort=newest', 'https://www.fleetfeet.com/browse/shoes/womens/cross-country', 'https://www.fleetfeet.com/s/bowlinggreen', 'https://www.fleetfeet.com/privacy-policy#notice-at-collection', 'https://www.fleetfeet.com/browse/shoes/mens/cross-country', 'https://www.fleetfeet.com/browse/shoes/mens?clearance=on', 'https://www.fleetfeet.com/browse/shoes/mens/karhu', 'https://www.fleetfeet.com/s/columbia', 'https://www.fleetfeet.com/browse/womens', 'https://www.fleetfeet.com/browse/goodr', 'https://www.fleetfeet.com/browse/nathan-sports', 'https://www.fleetfeet.com/s/littlerock', 'https://www.fleetfeet.com/browse/compression/womens', 'https://www.fleetfeet.com/browse/apparel/womens?sort=newest', 'https://www.fleetfeet.com/s/roundrock', 'https://www.fleetfeet.com/s/seattle', 'https://www.fleetfeet.com/browse?collection=peak-prep', 'https://www.fleetfeet.com/browse/drinks', 'https://www.fleetfeet.com/s/aptos', 'https://www.fleetfeet.com/s/mountpleasant', 'https://www.fleetfeet.com/price-match-policy', 'https://www.fleetfeet.com/browse/shoes/womens?sort=popular', 'https://www.fleetfeet.com/s/minneapolis', 'https://www.fleetfeet.com/s/tulsa', 'https://www.fleetfeet.com/s/buffalo', 'https://www.fleetfeet.com/browse?collection=lifestyle', 'https://www.fleetfeet.com/browse/nutrition', 'https://www.fleetfeet.com/s/louisville', 'https://www.fleetfeet.com/browse/shoes/mens/trail', 'https://www.fleetfeet.com/s/hattiesburg', 'https://www.fleetfeet.com/s/longbeach', 'https://www.fleetfeet.com/browse/shirts/mens', 'https://www.fleetfeet.com/s/columbiamo', 'https://www.fleetfeet.com/s/decaturil', 'https://www.fleetfeet.com/browse/music-accessories', 'https://www.fleetfeet.com/browse/nike', 'https://www.fleetfeet.com/contact', 'https://www.fleetfeet.com/s/dallas', 'https://www.fleetfeet.com/browse/shoes/mens/walking', 'https://www.fleetfeet.com/s/memphis', 'https://www.fleetfeet.com/s/schererville', 'https://www.fleetfeet.com/browse/socks/feetures', 'https://www.fleetfeet.com/s/stuart', 'https://www.fleetfeet.com/browse/gear?sort=newest', 'https://www.fleetfeet.com/s/carrboro', 'https://www.fleetfeet.com/browse/adidas', 'https://www.fleetfeet.com/browse/tops/womens?sort=newest', 'https://www.fleetfeet.com/s/thevillages', 'https://www.fleetfeet.com/s/chicago', 'https://www.fleetfeet.com/s/prescott', 'https://www.fleetfeet.com/s/fresno', 'https://www.fleetfeet.com/browse/plantar-fasciitis', 'https://www.fleetfeet.com/s/northjersey', 'https://www.fleetfeet.com/browse/vests/mens', 'https://www.fleetfeet.com/s/raleigh', 'https://www.fleetfeet.com/browse/half-zips/womens', 'https://www.fleetfeet.com/browse?collection=gifts-under-50', 'https://www.fleetfeet.com/s/ln', 'https://www.fleetfeet.com/browse/running-gloves', 'https://www.fleetfeet.com/browse/shoes/womens/new-balance', 'https://www.fleetfeet.com/s/winston-salem', 'https://www.fleetfeet.com/s/pittsburgh', 'https://www.fleetfeet.com/browse/tights/mens', 'https://www.fleetfeet.com/data-preferences', 'https://www.fleetfeet.com/browse/sunglasses', 'https://www.fleetfeet.com/s/stlouis', 'https://www.fleetfeet.com/browse/strollers', 'https://www.fleetfeet.com/browse/mens?clearance=on', 'https://www.fleetfeet.com/browse', 'https://www.fleetfeet.com/s/jacksontn', 'https://www.fleetfeet.com/s/vancouver', 'https://www.fleetfeet.com/browse?collection=everyday-energy'], use_selenium: NO
[2026-09-07 00:59:07,818] 147  INFO - Contact links found: ['https://www.fleetfeet.com/contact']
[2026-09-07 00:59:07,818] 148  INFO - Other links found: ['https://www.fleetfeet.com/s/santarosa', 'https://www.fleetfeet.com/gifts-for-runners', 'https://www.fleetfeet.com/s/menlopark', 'https://www.fleetfeet.com/browse/socks', 'https://www.fleetfeet.com/browse/shoes/mens/asics', 'https://www.fleetfeet.com/s/nyc', 'https://www.fleetfeet.com/press', 'https://www.fleetfeet.com/browse/shoes/mens/stability-running', 'https://www.fleetfeet.com/browse/massage', 'https://www.fleetfeet.com/browse/currex', 'https://www.fleetfeet.com/browse/pants/mens', 'https://www.fleetfeet.com/kids-running-shoes', 'https://www.fleetfeet.com/s/chattanooga', 'https://www.fleetfeet.com/s/miami', 'https://www.fleetfeet.com/s/indianapolis', 'https://www.fleetfeet.com/s/tampa', 'https://www.fleetfeet.com/s/tupelo', 'https://www.fleetfeet.com/s/lexington', 'https://www.fleetfeet.com/s/houston', 'https://www.fleetfeet.com/s/springfieldpa', 'https://www.fleetfeet.com/browse/sunglasses/fkt-gear', 'https://www.fleetfeet.com/s/wilmington', 'https://www.fleetfeet.com/s/decatur', 'https://www.fleetfeet.com/browse/saucony', 'https://www.fleetfeet.com/s/sarasota', 'https://www.fleetfeet.com/browse/gu-energy', 'https://www.fleetfeet.com/browse/bottles', 'https://www.fleetfeet.com/s/huntsville', 'https://www.fleetfeet.com/browse/shoes/womens/recovery-sandals', 'https://www.fleetfeet.com/s/bronxville', 'https://www.fleetfeet.com/training', 'https://www.fleetfeet.com/browse/shoes/mens/brooks', 'https://www.fleetfeet.com/s/northernvirginia', 'https://www.fleetfeet.com/products/mens-nike-pegasus-plus-2', 'https://www.fleetfeet.com/massage-tools', 'https://www.fleetfeet.com/browse/shoes/womens/adidas', 'https://www.fleetfeet.com/s/brentwoodca', 'https://www.fleetfeet.com/s/sanantonio', 'https://www.fleetfeet.com/browse?collection=shoes-for-work', 'https://www.fleetfeet.com/', 'https://www.fleetfeet.com/s/sacramento', 'https://www.fleetfeet.com/s/toledo', 'https://www.fleetfeet.com/s/pugetsound', 'https://www.fleetfeet.com/browse?collection=strength-and-strides', 'https://www.fleetfeet.com/browse/tights/womens', 'https://www.fleetfeet.com/browse/skirts/womens', 'https://www.fleetfeet.com/running-clothes-buyers-guide', 'https://www.fleetfeet.com/s/foxvalley', 'https://www.fleetfeet.com/browse/salomon', 'https://www.fleetfeet.com/s/syracuse', 'https://www.fleetfeet.com/browse?collection=feminine-grit', 'https://www.fleetfeet.com/s/kingsport', 'https://www.fleetfeet.com/privacy-policy', 'https://www.fleetfeet.com/browse/tops/mens?sort=newest', 'https://www.fleetfeet.com/s/poughkeepsie', 'https://www.fleetfeet.com/browse/shoes/womens/race', 'https://www.fleetfeet.com/browse/vuori', 'https://www.fleetfeet.com/browse/birkenstock', 'https://www.fleetfeet.com/browse/shorts/womens', 'https://www.fleetfeet.com/browse/apparel/mens', 'https://www.fleetfeet.com/browse/socks/balega', 'https://www.fleetfeet.com/s/coloradosprings', 'https://www.fleetfeet.com/s/orlando', 'https://www.fleetfeet.com/browse/balega', 'https://www.fleetfeet.com/s/huntersville', 'https://www.fleetfeet.com/browse?collection=back-to-school', 'https://www.fleetfeet.com/browse/apparel/mens?sort=newest', 'https://www.fleetfeet.com/browse/shoes/womens/trail', 'https://www.fleetfeet.com/s/greensboro', 'https://www.fleetfeet.com/s/atlanta', 'https://www.fleetfeet.com/s/greenvillenc', 'https://www.fleetfeet.com/browse/womens?sort=newest', 'https://www.fleetfeet.com/browse/shoes/womens/altra', 'https://www.fleetfeet.com/s/roanoke', 'https://www.fleetfeet.com/browse?clearance=on', 'https://www.fleetfeet.com/browse/hoodies/mens', 'https://www.fleetfeet.com/s/montclair', 'https://www.fleetfeet.com/s/kansas', 'https://www.fleetfeet.com/browse/shoes/mens?sort=newest', 'https://www.fleetfeet.com/s/peachtreecity', 'https://www.fleetfeet.com/s/semichigan', 'https://www.fleetfeet.com/browse/skin-care', 'https://www.fleetfeet.com/s/agourahills', 'https://www.fleetfeet.com/browse/shokz', 'https://www.fleetfeet.com/s/desmoines', 'https://www.fleetfeet.com/s/charlotte', 'https://www.fleetfeet.com/browse/shoes/tyr', 'https://www.fleetfeet.com/s/hickory', 'https://www.fleetfeet.com/s/sandiego', 'https://www.fleetfeet.com/browse/running-gloves/', 'https://www.fleetfeet.com/gift-cards', 'https://www.fleetfeet.com/s/tallahassee', 'https://www.fleetfeet.com/browse/puma', 'https://www.fleetfeet.com/s/denverboulder', 'https://www.fleetfeet.com/browse/on-running', 'https://www.fleetfeet.com/s/monroe', 'https://www.fleetfeet.com/browse/hoka', 'https://www.fleetfeet.com/browse/shoes/mens/altra', 'https://www.fleetfeet.com/s/longmeadow', 'https://www.fleetfeet.com/browse?sort=newest', 'https://www.fleetfeet.com/s/traversecity', 'https://www.fleetfeet.com/s/cleveland', 'https://www.fleetfeet.com/locations', 'https://www.fleetfeet.com/browse/shoes/womens/hoka', 'https://www.fleetfeet.com/browse/half-zips/mens', 'https://www.fleetfeet.com/browse/tanks/womens', 'https://www.fleetfeet.com/s/westreading', 'https://www.fleetfeet.com/browse/jackets/mens', 'https://www.fleetfeet.com/browse/foam-rollers', 'https://www.fleetfeet.com/s/cda', 'https://www.fleetfeet.com/cookie-policy', 'https://www.fleetfeet.com/browse/garmin', 'https://www.fleetfeet.com/s/corpus', 'https://www.fleetfeet.com/s/westlafayette', 'https://www.fleetfeet.com/browse/shoes/mens/new-balance', 'https://www.fleetfeet.com/s/augusta', 'https://www.fleetfeet.com/franchising', 'https://www.fleetfeet.com/browse/shoes/mens/mizuno', 'https://www.fleetfeet.com/s/princeton', 'https://www.fleetfeet.com/browse/jackets/womens', 'https://www.fleetfeet.com/browse/altra', 'https://www.fleetfeet.com/browse/shoes/womens/on-running', 'https://www.fleetfeet.com/browse/shoes/mens', 'https://www.fleetfeet.com/s/jupiter', 'https://www.fleetfeet.com/s/albuquerque', 'https://www.fleetfeet.com/browse/electronics', 'https://www.fleetfeet.com/browse/cep', 'https://www.fleetfeet.com/browse/diadora', 'https://www.fleetfeet.com/s/hartford', 'https://www.fleetfeet.com/browse/compression', 'https://www.fleetfeet.com/browse/apparel/womens', 'https://www.fleetfeet.com/browse/safety', 'https://www.fleetfeet.com/browse/oofos', 'https://www.fleetfeet.com/s/clarksville', 'https://www.fleetfeet.com/s/vacaville', 'https://www.fleetfeet.com/browse/face-masks-gaiters', 'https://www.fleetfeet.com/running-shoe-buyers-guide', 'https://www.fleetfeet.com/browse/brooks', 'https://www.fleetfeet.com/browse/shoes/womens/asics', 'https://www.fleetfeet.com/s/murfreesboro', 'https://www.fleetfeet.com/browse/shoes/womens/nike', 'https://www.fleetfeet.com/s/fayettevillenc', 'https://www.fleetfeet.com/browse/tanks/mens', 'https://www.fleetfeet.com/s/jeffersoncity', 'https://www.fleetfeet.com/races', 'https://www.fleetfeet.com/s/mishawaka', 'https://www.fleetfeet.com/browse?collection=gifts-under-100', 'https://www.fleetfeet.com/s/myrtlebeach', 'https://www.fleetfeet.com/franchising#why-fleet-feet', 'https://www.fleetfeet.com/browse?collection=trending-now', 'https://www.fleetfeet.com/s/metairie', 'https://www.fleetfeet.com/browse/shorts/mens', 'https://www.fleetfeet.com/browse/shoes/womens?clearance=on', 'https://www.fleetfeet.com/browse/shirts/womens', 'https://www.fleetfeet.com/browse/new-balance', 'https://www.fleetfeet.com/who-we-are', 'https://www.fleetfeet.com/fit-process', 'https://www.fleetfeet.com/browse/shoes/mens/track', 'https://www.fleetfeet.com/shoe-calendar', 'https://www.fleetfeet.com/s/hartford/', 'https://www.fleetfeet.com/browse/chicknlegs', 'https://www.fleetfeet.com/s/mcallen', 'https://www.fleetfeet.com/browse/hats-headwear', 'https://www.fleetfeet.com/s/fortworth', 'https://www.fleetfeet.com/s/oxford', 'https://www.fleetfeet.com/s/nashville', 'https://www.fleetfeet.com/franchising#franchising-faq', 'https://www.fleetfeet.com/browse/sports-bras', 'https://www.fleetfeet.com/browse/sports-bras/womens?sort=newest', 'https://www.fleetfeet.com/s/pdx', 'https://www.fleetfeet.com/s/hoboken', 'https://www.fleetfeet.com/s/dc', 'https://www.fleetfeet.com/s/jacksonvillenc', 'https://www.fleetfeet.com/browse/shoes/womens/track', 'https://www.fleetfeet.com/browse/gels', 'https://www.fleetfeet.com/browse/insoles/superfeet', 'https://www.fleetfeet.com/browse/gps-watches', 'https://www.fleetfeet.com/browse/amphipod', 'https://www.fleetfeet.com/browse/braces-supports', 'https://www.fleetfeet.com/browse/varley', 'https://www.fleetfeet.com/s/mechanicsburg', 'https://www.fleetfeet.com/browse/asics', 'https://www.fleetfeet.com/browse/shoes/mens/hoka', 'https://www.fleetfeet.com/browse/shoes?sort=popular', 'https://www.fleetfeet.com/browse/shoes/womens/saucony', 'https://www.fleetfeet.com/promotions', 'https://www.fleetfeet.com/s/queencreek', 'https://www.fleetfeet.com/browse/compression/mens', 'https://www.fleetfeet.com/s/inletbeach', 'https://www.fleetfeet.com/do-the-run-thing', 'https://www.fleetfeet.com/s/rochester', 'https://www.fleetfeet.com/s/omaha', 'https://www.fleetfeet.com/terms-of-use', 'https://www.fleetfeet.com/browse/shoes/womens', 'https://www.fleetfeet.com/browse/insoles/currex', 'https://www.fleetfeet.com/browse/bars', 'https://www.fleetfeet.com/browse/shoes/mens/race', 'https://www.fleetfeet.com/s/vabeach', 'https://www.fleetfeet.com/browse/sprints', 'https://www.fleetfeet.com/s/nashua', 'https://www.fleetfeet.com/s/wichita', 'https://www.fleetfeet.com/s/birmingham', 'https://www.fleetfeet.com/browse/injury-prevention-treatment', 'https://www.fleetfeet.com/s/mobile-pensacola', 'https://www.fleetfeet.com/browse/rabbit', 'https://www.fleetfeet.com/s/chico', 'https://www.fleetfeet.com/s/gaithersburg', 'https://www.fleetfeet.com/s/madison', 'https://www.fleetfeet.com/browse/gear', 'https://www.fleetfeet.com/browse/mizuno', 'https://www.fleetfeet.com/s/pleasanton', 'https://www.fleetfeet.com/s/bloomington', 'https://www.fleetfeet.com/browse/shoes/mens?sort=popular', 'https://www.fleetfeet.com/s/fortmyers', 'https://www.fleetfeet.com/products/womens-nike-pegasus-plus-2', 'https://www.fleetfeet.com/s/greenville', 'https://www.fleetfeet.com/browse/shoes/track?sort=newest', 'https://www.fleetfeet.com/browse/vests/womens', 'https://www.fleetfeet.com/rewards', 'https://www.fleetfeet.com/s/modesto', 'https://www.fleetfeet.com/browse/shoes', 'https://www.fleetfeet.com/s/youngstown', 'https://www.fleetfeet.com/returns', 'https://www.fleetfeet.com/browse/superfeet', 'https://www.fleetfeet.com/s/newsmyrnabeach', 'https://www.fleetfeet.com/franchising#support', 'https://www.fleetfeet.com/best-running-gear', 'https://www.fleetfeet.com/browse?collection=gifts-under-25', 'https://www.fleetfeet.com/browse/hoodies/womens', 'https://www.fleetfeet.com/s/austin', 'https://www.fleetfeet.com/s/cincy', 'https://www.fleetfeet.com/s/richmond', 'https://www.fleetfeet.com/s/albany', 'https://www.fleetfeet.com/s/springfield', 'https://www.fleetfeet.com/browse/bottoms/mens?sort=newest', 'https://www.fleetfeet.com/browse/belts', 'https://www.fleetfeet.com/browse/cotopaxi', 'https://www.fleetfeet.com/s/tucson', 'https://www.fleetfeet.com/browse/mens', 'https://www.fleetfeet.com/browse/karhu', 'https://www.fleetfeet.com/s/ranchocucamonga', 'https://www.fleetfeet.com/s/folsom', 'https://www.fleetfeet.com/browse/shoes/womens/karhu', 'https://www.fleetfeet.com/accessibility', 'https://www.fleetfeet.com/s/spokane', 'https://www.fleetfeet.com/browse/shoes/mens/nike', 'https://www.fleetfeet.com/browse/pants/womens', 'https://www.fleetfeet.com/s/tricities', 'https://www.fleetfeet.com/browse/shoes/womens/mizuno', 'https://www.fleetfeet.com/s/meridian', 'https://www.fleetfeet.com/browse/shoes/womens?sort=newest', 'https://www.fleetfeet.com/franchising#converting-faq', 'https://www.fleetfeet.com/browse/womens?clearance=on', 'https://www.fleetfeet.com/s/burbank', 'https://www.fleetfeet.com/s/knoxville', 'https://www.fleetfeet.com/browse/shoes/womens/stability-running', 'https://www.fleetfeet.com/s/davenport', 'https://www.fleetfeet.com/s/asheville', 'https://www.fleetfeet.com/s/columbus', 'https://www.fleetfeet.com/s/lincoln', 'https://www.fleetfeet.com/s/utah', 'https://www.fleetfeet.com/browse/shoes/mens/neutral', 'https://www.fleetfeet.com/s/redding', 'https://www.fleetfeet.com/blog', 'https://www.fleetfeet.com/browse/chews', 'https://www.fleetfeet.com/s/fortwayne', 'https://www.fleetfeet.com/browse/shoes/womens/neutral', 'https://www.fleetfeet.com/browse/miscellaneous', 'https://www.fleetfeet.com/browse/shoes/mens/adidas', 'https://www.fleetfeet.com/browse/bottoms/womens?sort=newest', 'https://www.fleetfeet.com/s/savannah', 'https://www.fleetfeet.com/s/westport', 'https://www.fleetfeet.com/s/burlington', 'https://www.fleetfeet.com/browse/shoes/womens/brooks', 'https://www.fleetfeet.com/browse/shoes/mens/recovery-sandals', 'https://www.fleetfeet.com/s/monterey', 'https://www.fleetfeet.com/s/delray', 'https://www.fleetfeet.com/browse/shoes/mens/on-running', 'https://www.fleetfeet.com/browse/packs', 'https://www.fleetfeet.com/s/rockford', 'https://www.fleetfeet.com/s/montgomery', 'https://www.fleetfeet.com/browse/insoles', 'https://www.fleetfeet.com/browse/shoes/mens/saucony', 'https://www.fleetfeet.com/s/mechanicsburg/', 'https://www.fleetfeet.com/browse/hydration', 'https://www.fleetfeet.com/how-to-start-running', 'https://www.fleetfeet.com/s/athens', 'https://www.fleetfeet.com/browse/shoes/womens/walking', 'https://www.fleetfeet.com/lululemon', 'https://www.fleetfeet.com/browse/mens?sort=newest', 'https://www.fleetfeet.com/browse/shoes/womens/cross-country', 'https://www.fleetfeet.com/s/bowlinggreen', 'https://www.fleetfeet.com/privacy-policy#notice-at-collection', 'https://www.fleetfeet.com/browse/shoes/mens/cross-country', 'https://www.fleetfeet.com/browse/shoes/mens?clearance=on', 'https://www.fleetfeet.com/browse/shoes/mens/karhu', 'https://www.fleetfeet.com/s/columbia', 'https://www.fleetfeet.com/browse/womens', 'https://www.fleetfeet.com/browse/goodr', 'https://www.fleetfeet.com/browse/nathan-sports', 'https://www.fleetfeet.com/s/littlerock', 'https://www.fleetfeet.com/browse/compression/womens', 'https://www.fleetfeet.com/browse/apparel/womens?sort=newest', 'https://www.fleetfeet.com/s/roundrock', 'https://www.fleetfeet.com/s/seattle', 'https://www.fleetfeet.com/browse?collection=peak-prep', 'https://www.fleetfeet.com/browse/drinks', 'https://www.fleetfeet.com/s/aptos', 'https://www.fleetfeet.com/s/mountpleasant', 'https://www.fleetfeet.com/price-match-policy', 'https://www.fleetfeet.com/browse/shoes/womens?sort=popular', 'https://www.fleetfeet.com/s/minneapolis', 'https://www.fleetfeet.com/s/tulsa', 'https://www.fleetfeet.com/s/buffalo', 'https://www.fleetfeet.com/browse?collection=lifestyle', 'https://www.fleetfeet.com/browse/nutrition', 'https://www.fleetfeet.com/s/louisville', 'https://www.fleetfeet.com/browse/shoes/mens/trail', 'https://www.fleetfeet.com/s/hattiesburg', 'https://www.fleetfeet.com/s/longbeach', 'https://www.fleetfeet.com/browse/shirts/mens', 'https://www.fleetfeet.com/s/columbiamo', 'https://www.fleetfeet.com/s/decaturil', 'https://www.fleetfeet.com/browse/music-accessories', 'https://www.fleetfeet.com/browse/nike', 'https://www.fleetfeet.com/s/dallas', 'https://www.fleetfeet.com/browse/shoes/mens/walking', 'https://www.fleetfeet.com/s/memphis', 'https://www.fleetfeet.com/s/schererville', 'https://www.fleetfeet.com/browse/socks/feetures', 'https://www.fleetfeet.com/s/stuart', 'https://www.fleetfeet.com/browse/gear?sort=newest', 'https://www.fleetfeet.com/s/carrboro', 'https://www.fleetfeet.com/browse/adidas', 'https://www.fleetfeet.com/browse/tops/womens?sort=newest', 'https://www.fleetfeet.com/s/thevillages', 'https://www.fleetfeet.com/s/chicago', 'https://www.fleetfeet.com/s/prescott', 'https://www.fleetfeet.com/s/fresno', 'https://www.fleetfeet.com/browse/plantar-fasciitis', 'https://www.fleetfeet.com/s/northjersey', 'https://www.fleetfeet.com/browse/vests/mens', 'https://www.fleetfeet.com/s/raleigh', 'https://www.fleetfeet.com/browse/half-zips/womens', 'https://www.fleetfeet.com/browse?collection=gifts-under-50', 'https://www.fleetfeet.com/s/ln', 'https://www.fleetfeet.com/browse/running-gloves', 'https://www.fleetfeet.com/browse/shoes/womens/new-balance', 'https://www.fleetfeet.com/s/winston-salem', 'https://www.fleetfeet.com/s/pittsburgh', 'https://www.fleetfeet.com/browse/tights/mens', 'https://www.fleetfeet.com/data-preferences', 'https://www.fleetfeet.com/browse/sunglasses', 'https://www.fleetfeet.com/s/stlouis', 'https://www.fleetfeet.com/browse/strollers', 'https://www.fleetfeet.com/browse/mens?clearance=on', 'https://www.fleetfeet.com/browse', 'https://www.fleetfeet.com/s/jacksontn', 'https://www.fleetfeet.com/s/vancouver', 'https://www.fleetfeet.com/browse?collection=everyday-energy']
[2026-09-07 00:59:07,818] 109  INFO - Scraping contact info from: https://www.fleetfeet.com/contact
[2026-09-07 00:59:09,026] 158  INFO - Contact info found in: https://www.fleetfeet.com/contact, info: {'email': 'support@fleetfeet.com', 'number': '855-213-4301', 'website': None}
[2026-09-07 00:59:09,026] 163  INFO - Both email and number found, stopping.
[2026-09-07 00:59:09,026] 159  INFO - metrics: Scraped result from Google website for Flexifleets: {'email': 'support@fleetfeet.com', 'number': '855-213-4301', 'scraped_from_link': 'https://www.fleetfeet.com/contact'}
[2026-09-07 00:59:24,058] 65  ERROR - Error while fetching linkhttps://connectindia.com: HTTPSConnectionPool(host='connectindia.com', port=443): Max retries exceeded with url: / (Caused by ConnectTimeoutError(<HTTPSConnection(host='connectindia.com', port=443) at 0x227671be3f0>, 'Connection to connectindia.com timed out. (connect timeout=10)'))
[2026-09-07 00:59:24,058] 66  INFO - Trying Selenium after failing BeautifulSoup
[2026-09-07 00:59:41,872] 65  ERROR - Error while fetching linkhttps://mahalakshmilogistics.com: HTTPSConnectionPool(host='mahalakshmilogistics.com', port=443): Max retries exceeded with url: / (Caused by ConnectTimeoutError(<HTTPSConnection(host='mahalakshmilogistics.com', port=443) at 0x227675722a0>, 'Connection to mahalakshmilogistics.com timed out. (connect timeout=10)'))
[2026-09-07 00:59:41,872] 66  INFO - Trying Selenium after failing BeautifulSoup
[2026-09-07 01:00:49,067] 53  ERROR - An error occurred while fetching through selenium for url https://connectindia.com: Message: unknown error: net::ERR_CONNECTION_TIMED_OUT
  (Session info: chrome=151.0.7922.170)
Stacktrace:
	chromedriver!GetHandleVerifier [0x7ff641ccabb5+151b5]
	chromedriver!GetHandleVerifier [0x7ff641ccac10+15210]
	chromedriver!(No symbol) [0x7ff6417f5d6d]
	chromedriver!(No symbol) [0x7ff6417f2b29]
	chromedriver!(No symbol) [0x7ff6417e2f51]
	chromedriver!(No symbol) [0x7ff6417e4dbf]
	chromedriver!(No symbol) [0x7ff6417e34f3]
	chromedriver!(No symbol) [0x7ff6417e2cbb]
	chromedriver!(No symbol) [0x7ff6417e2971]
	chromedriver!(No symbol) [0x7ff6417e0641]
	chromedriver!(No symbol) [0x7ff6417e0da2]
	chromedriver!(No symbol) [0x7ff6417fa016]
	chromedriver!(No symbol) [0x7ff64189fa14]
	chromedriver!(No symbol) [0x7ff641879d0a]
	chromedriver!(No symbol) [0x7ff64189ec0b]
	chromedriver!(No symbol) [0x7ff6418437cc]
	chromedriver!(No symbol) [0x7ff6418446f3]
	chromedriver!GetHandleVerifier [0x7ff6422eb79b+635d9b]
	chromedriver!GetHandleVerifier [0x7ff6422e5ac6+6300c6]
	chromedriver!GetHandleVerifier [0x7ff64230bcee+6562ee]
	chromedriver!GetHandleVerifier [0x7ff641ce8ffe+335fe]
	chromedriver!GetHandleVerifier [0x7ff641cf147c+3ba7c]
	chromedriver!GetHandleVerifier [0x7ff641cd4d64+1f364]
	chromedriver!GetHandleVerifier [0x7ff641cd4ef4+1f4f4]
	chromedriver!GetHandleVerifier [0x7ff641cb7d97+2397]
	KERNEL32!BaseThreadInitThunk [0x7ffe701f259d+1d]
	ntdll!RtlUserThreadStart [0x7ffe7168af78+28]

[2026-09-07 01:00:49,070] 137  INFO - metrics: Scraped result for Connect India E-Commerce Services Private Limited: {}
[2026-09-07 01:00:49,070] 142  INFO - metrics: Google searching for Connect India E-Commerce Services Private Limited
[2026-09-07 01:00:49,071] 167  INFO - DDG query: "Connect India E-Commerce Services Private Limited" site:connectindia.com email phone
[2026-09-07 01:00:49,282] 429  INFO - response: https://en.wikipedia.org/w/api.php?action=opensearch&profile=fuzzy&limit=1&search=%22Connect%20India%20E-Commerce%20Services%20Private%20Limited%22%20site%3Aconnectindia.com%20email%20phone 200
[2026-09-07 01:00:49,878] 429  INFO - response: https://grokipedia.com/api/typeahead?query=%22Connect+India+E-Commerce+Services+Private+Limited%22+site%3Aconnectindia.com+email+phone&limit=1 502
[2026-09-07 01:00:50,284] 429  INFO - response: https://search.yahoo.com/search;_ylt=9wrxrvy_P0_9GhE83TJafsty;_ylu=mEOOLPlEKY2lfMiagsh7kcdKQs6ypUyZLFuFb2dvuxxIsDk?p=%22Connect+India+E-Commerce+Services+Private+Limited%22+site%3Aconnectindia.com+email+phone 200
[2026-09-07 01:00:50,943] 429  INFO - response: https://search.brave.com/search?q=%22Connect+India+E-Commerce+Services+Private+Limited%22+site%3Aconnectindia.com+email+phone&source=web 429
[2026-09-07 01:00:52,053] 429  INFO - response: https://www.startpage.com/ 200
[2026-09-07 01:00:52,293] 429  INFO - response: https://www.startpage.com/sp/search 200
[2026-09-07 01:00:52,754] 429  INFO - response: https://www.mojeek.com/search?q=%22Connect+India+E-Commerce+Services+Private+Limited%22+site%3Aconnectindia.com+email+phone 403
[2026-09-07 01:00:53,260] 429  INFO - response: https://www.google.com/sorry/index?continue=https://www.google.com/search%3Fq%3D%2522Connect%2BIndia%2BE-Commerce%2BServices%2BPrivate%2BLimited%2522%2Bsite%253Aconnectindia.com%2Bemail%2Bphone%26sca_esv%3D1%26filter%3D1%26start%3D0%26hl%3Den-US%26lr%3Dlang_en%26cr%3DcountryUS&hl=en-US&q=EgQxJGTFGO3-9tQGIjB0xiLQWBDTmEm4g5LzrqvU1v8aL89YOK966KA4aMIMYW_q3POTnfyu4aCCC0W5DO0yAnJSWgFD 429
[2026-09-07 01:00:53,361] 429  INFO - response: https://html.duckduckgo.com/html/ 202
[2026-09-07 01:00:53,369] 226  ERROR - DuckDuckGo search error for 'Connect India E-Commerce Services Private Limited': No results found.
[2026-09-07 01:01:09,638] 53  ERROR - An error occurred while fetching through selenium for url https://mahalakshmilogistics.com: Message: unknown error: net::ERR_CONNECTION_TIMED_OUT
  (Session info: chrome=151.0.7922.170)
Stacktrace:
	chromedriver!GetHandleVerifier [0x7ff641ccabb5+151b5]
	chromedriver!GetHandleVerifier [0x7ff641ccac10+15210]
	chromedriver!(No symbol) [0x7ff6417f5d6d]
	chromedriver!(No symbol) [0x7ff6417f2b29]
	chromedriver!(No symbol) [0x7ff6417e2f51]
	chromedriver!(No symbol) [0x7ff6417e4dbf]
	chromedriver!(No symbol) [0x7ff6417e34f3]
	chromedriver!(No symbol) [0x7ff6417e2cbb]
	chromedriver!(No symbol) [0x7ff6417e2971]
	chromedriver!(No symbol) [0x7ff6417e0641]
	chromedriver!(No symbol) [0x7ff6417e0da2]
	chromedriver!(No symbol) [0x7ff6417fa016]
	chromedriver!(No symbol) [0x7ff64189fa14]
	chromedriver!(No symbol) [0x7ff641879d0a]
	chromedriver!(No symbol) [0x7ff64189ec0b]
	chromedriver!(No symbol) [0x7ff6418437cc]
	chromedriver!(No symbol) [0x7ff6418446f3]
	chromedriver!GetHandleVerifier [0x7ff6422eb79b+635d9b]
	chromedriver!GetHandleVerifier [0x7ff6422e5ac6+6300c6]
	chromedriver!GetHandleVerifier [0x7ff64230bcee+6562ee]
	chromedriver!GetHandleVerifier [0x7ff641ce8ffe+335fe]
	chromedriver!GetHandleVerifier [0x7ff641cf147c+3ba7c]
	chromedriver!GetHandleVerifier [0x7ff641cd4d64+1f364]
	chromedriver!GetHandleVerifier [0x7ff641cd4ef4+1f4f4]
	chromedriver!GetHandleVerifier [0x7ff641cb7d97+2397]
	KERNEL32!BaseThreadInitThunk [0x7ffe701f259d+1d]
	ntdll!RtlUserThreadStart [0x7ffe7168af78+28]

[2026-09-07 01:01:09,639] 137  INFO - metrics: Scraped result for Mahalakshmi Logistics Pvt. Ltd.: {}
[2026-09-07 01:01:09,639] 142  INFO - metrics: Google searching for Mahalakshmi Logistics Pvt. Ltd.
[2026-09-07 01:01:09,640] 167  INFO - DDG query: "Mahalakshmi Logistics Pvt. Ltd." site:mahalakshmilogistics.com email phone
[2026-09-07 01:01:09,867] 429  INFO - response: https://en.wikipedia.org/w/api.php?action=opensearch&profile=fuzzy&limit=1&search=%22Mahalakshmi%20Logistics%20Pvt.%20Ltd.%22%20site%3Amahalakshmilogistics.com%20email%20phone 200
[2026-09-07 01:01:09,891] 429  INFO - response: https://grokipedia.com/api/typeahead?query=%22Mahalakshmi+Logistics+Pvt.+Ltd.%22+site%3Amahalakshmilogistics.com+email+phone&limit=1 502
[2026-09-07 01:01:10,210] 429  INFO - response: https://search.brave.com/search?q=%22Mahalakshmi+Logistics+Pvt.+Ltd.%22+site%3Amahalakshmilogistics.com+email+phone&source=web 429
[2026-09-07 01:01:10,843] 429  INFO - response: https://search.yahoo.com/search;_ylt=5q690GJT7-HDjMmwXxWa14FC;_ylu=5ex9N4Wv7nuTr5mMlc1xoZRNGwwci-uwizBdWoTA-728WGM?p=%22Mahalakshmi+Logistics+Pvt.+Ltd.%22+site%3Amahalakshmilogistics.com+email+phone 200
[2026-09-07 01:01:11,439] 429  INFO - response: https://www.startpage.com/ 200
[2026-09-07 01:01:11,657] 429  INFO - response: https://www.startpage.com/sp/search 200
[2026-09-07 01:01:12,188] 429  INFO - response: https://www.google.com/sorry/index?continue=https://www.google.com/search%3Fq%3D%2522Mahalakshmi%2BLogistics%2BPvt.%2BLtd.%2522%2Bsite%253Amahalakshmilogistics.com%2Bemail%2Bphone%26sca_esv%3D1%26filter%3D1%26start%3D0%26hl%3Den-US%26lr%3Dlang_en%26cr%3DcountryUS&hl=en-US&q=EgQxJGTFGID_9tQGIjBcDH4s6EyBkhf6dOWsrC8oTdPwbGdHfA8jZzNe0od5pnjKuk0eSHl3kOyW-M8KAdAyAnJSWgFD 429
[2026-09-07 01:01:12,260] 429  INFO - response: https://html.duckduckgo.com/html/ 202
[2026-09-07 01:01:12,755] 429  INFO - response: https://www.mojeek.com/search?q=%22Mahalakshmi+Logistics+Pvt.+Ltd.%22+site%3Amahalakshmilogistics.com+email+phone 403
[2026-09-07 01:01:12,756] 226  ERROR - DuckDuckGo search error for 'Mahalakshmi Logistics Pvt. Ltd.': No results found.
[2026-09-07 01:01:12,759] 129  INFO - Processing row 31: Vault.rent
[2026-09-07 01:01:12,759] 132  INFO - metrics: Scraping website for Vault.rent at https://vault.rent
[2026-09-07 01:01:12,759] 129  INFO - Processing row 32: Mitsui O.S.K. Lines, South Asia Middle East
[2026-09-07 01:01:12,759] 132  INFO - metrics: Scraping website for Mitsui O.S.K. Lines, South Asia Middle East at https://mol-same.com
[2026-09-07 01:01:12,759] 129  INFO - Processing row 35: UGC supply chain solution Pvt.Ltd
[2026-09-07 01:01:12,759] 132  INFO - metrics: Scraping website for UGC supply chain solution Pvt.Ltd at https://ugc.com
[2026-09-07 01:01:12,760] 129  INFO - Processing row 39: Mitsui O.S.K. Lines, South Asia Middle East
[2026-09-07 01:01:12,760] 132  INFO - metrics: Scraping website for Mitsui O.S.K. Lines, South Asia Middle East at https://mol-same.com
[2026-09-07 01:01:12,760] 129  INFO - Processing row 42: UGC supply chain solution Pvt.Ltd
[2026-09-07 01:01:12,760] 132  INFO - metrics: Scraping website for UGC supply chain solution Pvt.Ltd at https://ugc.com
[2026-09-07 01:01:12,762] 191  INFO - scrape website for 
[2026-09-07 01:01:12,762] 26  INFO - Fetching links
[2026-09-07 01:01:12,763] 191  INFO - scrape website for 
[2026-09-07 01:01:12,764] 26  INFO - Fetching links
[2026-09-07 01:01:12,764] 191  INFO - scrape website for 
[2026-09-07 01:01:12,764] 191  INFO - scrape website for 
[2026-09-07 01:01:12,768] 26  INFO - Fetching links
[2026-09-07 01:01:12,766] 191  INFO - scrape website for 
[2026-09-07 01:01:12,766] 26  INFO - Fetching links
[2026-09-07 01:01:12,768] 26  INFO - Fetching links
[2026-09-07 01:01:13,664] 50  INFO - Passing to selenium for link extraction
[2026-09-07 01:01:13,696] 50  INFO - Passing to selenium for link extraction
[2026-09-07 01:01:14,754] 59  INFO - extracted_links:['https://mol-same.com/workplace-culture', 'https://mol-same.com/our-values', 'https://mol-same.com/leadership', 'https://mol-same.com/contact-us', 'https://mol-same.com']
[2026-09-07 01:01:14,774] 138  INFO - Inside extract content
[2026-09-07 01:01:14,774] 139  INFO - Links: ['https://mol-same.com/workplace-culture', 'https://mol-same.com/our-values', 'https://mol-same.com/leadership', 'https://mol-same.com/contact-us', 'https://mol-same.com'], use_selenium: NO
[2026-09-07 01:01:14,774] 147  INFO - Contact links found: ['https://mol-same.com/contact-us']
[2026-09-07 01:01:14,775] 148  INFO - Other links found: ['https://mol-same.com/workplace-culture', 'https://mol-same.com/our-values', 'https://mol-same.com/leadership', 'https://mol-same.com']
[2026-09-07 01:01:14,775] 109  INFO - Scraping contact info from: https://mol-same.com/contact-us
[2026-09-07 01:01:16,281] 59  INFO - extracted_links:['https://vault.rent/shipping/', 'https://vault.rent/servicesx/vault-mini/', 'https://vault.rent/refunds/', 'https://vault.rent/gallery/', 'https://vault.rent/blog/', 'https://vault.rent/space-bazaar/', 'https://vault.rent/terms/', 'https://vault.rent/about/', 'https://vault.rent/', 'https://vault.rent/servicesx/raw-storage/', 'https://vault.rent/servicesx/premium-storage/', 'https://vault.rent/contact/', 'https://vault.rent/servicesx/vault-executive/', 'https://vault.rent/servicesx/', 'https://vault.rent', 'https://vault.rent/privacy']
[2026-09-07 01:01:16,283] 138  INFO - Inside extract content
[2026-09-07 01:01:16,283] 139  INFO - Links: ['https://vault.rent/shipping/', 'https://vault.rent/servicesx/vault-mini/', 'https://vault.rent/refunds/', 'https://vault.rent/gallery/', 'https://vault.rent/blog/', 'https://vault.rent/space-bazaar/', 'https://vault.rent/terms/', 'https://vault.rent/about/', 'https://vault.rent/', 'https://vault.rent/servicesx/raw-storage/', 'https://vault.rent/servicesx/premium-storage/', 'https://vault.rent/contact/', 'https://vault.rent/servicesx/vault-executive/', 'https://vault.rent/servicesx/', 'https://vault.rent', 'https://vault.rent/privacy'], use_selenium: NO
[2026-09-07 01:01:16,283] 147  INFO - Contact links found: ['https://vault.rent/contact/']
[2026-09-07 01:01:16,283] 148  INFO - Other links found: ['https://vault.rent/shipping/', 'https://vault.rent/servicesx/vault-mini/', 'https://vault.rent/refunds/', 'https://vault.rent/gallery/', 'https://vault.rent/blog/', 'https://vault.rent/space-bazaar/', 'https://vault.rent/terms/', 'https://vault.rent/about/', 'https://vault.rent/', 'https://vault.rent/servicesx/raw-storage/', 'https://vault.rent/servicesx/premium-storage/', 'https://vault.rent/servicesx/vault-executive/', 'https://vault.rent/servicesx/', 'https://vault.rent', 'https://vault.rent/privacy']
[2026-09-07 01:01:16,283] 109  INFO - Scraping contact info from: https://vault.rent/contact/
[2026-09-07 01:01:16,679] 158  INFO - Contact info found in: https://mol-same.com/contact-us, info: {'email': 'communications@molgroup.com', 'number': None, 'website': None}
[2026-09-07 01:01:16,680] 137  INFO - metrics: Scraped result for Mitsui O.S.K. Lines, South Asia Middle East: {'email': 'communications@molgroup.com', 'number': None, 'scraped_from_link': 'https://mol-same.com/contact-us'}
[2026-09-07 01:01:16,680] 142  INFO - metrics: Google searching for Mitsui O.S.K. Lines, South Asia Middle East
[2026-09-07 01:01:16,681] 167  INFO - DDG query: "Mitsui O.S.K. Lines, South Asia Middle East" site:mol-same.com email phone
[2026-09-07 01:01:16,905] 429  INFO - response: https://en.wikipedia.org/w/api.php?action=opensearch&profile=fuzzy&limit=1&search=%22Mitsui%20O.S.K.%20Lines%2C%20South%20Asia%20Middle%20East%22%20site%3Amol-same.com%20email%20phone 200
[2026-09-07 01:01:16,990] 429  INFO - response: https://grokipedia.com/api/typeahead?query=%22Mitsui+O.S.K.+Lines%2C+South+Asia+Middle+East%22+site%3Amol-same.com+email+phone&limit=1 200
[2026-09-07 01:01:17,533] 429  INFO - response: https://www.startpage.com/ 200
[2026-09-07 01:01:17,759] 429  INFO - response: https://www.startpage.com/sp/search 200
[2026-09-07 01:01:17,862] 429  INFO - response: https://html.duckduckgo.com/html/ 202
[2026-09-07 01:01:18,196] 429  INFO - response: https://search.brave.com/search?q=%22Mitsui+O.S.K.+Lines%2C+South+Asia+Middle+East%22+site%3Amol-same.com+email+phone&source=web 429
[2026-09-07 01:01:18,734] 158  INFO - Contact info found in: https://vault.rent/contact/, info: {'email': 'info@vault.rent', 'number': '+91 85911 85913', 'website': None}
[2026-09-07 01:01:18,751] 163  INFO - Both email and number found, stopping.
[2026-09-07 01:01:18,769] 137  INFO - metrics: Scraped result for Vault.rent: {'email': 'info@vault.rent', 'number': '+91 85911 85913', 'scraped_from_link': 'https://vault.rent/contact/'}
[2026-09-07 01:01:19,087] 59  INFO - extracted_links:['https://mol-same.com/workplace-culture', 'https://mol-same.com/our-values', 'https://mol-same.com/leadership', 'https://mol-same.com/contact-us', 'https://mol-same.com']
[2026-09-07 01:01:19,090] 138  INFO - Inside extract content
[2026-09-07 01:01:19,090] 139  INFO - Links: ['https://mol-same.com/workplace-culture', 'https://mol-same.com/our-values', 'https://mol-same.com/leadership', 'https://mol-same.com/contact-us', 'https://mol-same.com'], use_selenium: NO
[2026-09-07 01:01:19,090] 147  INFO - Contact links found: ['https://mol-same.com/contact-us']
[2026-09-07 01:01:19,090] 148  INFO - Other links found: ['https://mol-same.com/workplace-culture', 'https://mol-same.com/our-values', 'https://mol-same.com/leadership', 'https://mol-same.com']
[2026-09-07 01:01:19,090] 109  INFO - Scraping contact info from: https://mol-same.com/contact-us
[2026-09-07 01:01:19,264] 429  INFO - response: https://www.google.com/sorry/index?continue=https://www.google.com/search%3Fq%3D%2522Mitsui%2BO.S.K.%2BLines%252C%2BSouth%2BAsia%2BMiddle%2BEast%2522%2Bsite%253Amol-same.com%2Bemail%2Bphone%26sca_esv%3D1%26filter%3D1%26start%3D0%26hl%3Den-US%26lr%3Dlang_en%26cr%3DcountryUS&hl=en-US&q=EgQxJGTFGIb_9tQGIjDIsMnAVfrhi6_eUmHJe0XPwZ3QYCLc97g2aoH7ijslK2023_1HEYvvnWn67je9h1kyAnJSWgFD 429
[2026-09-07 01:01:19,719] 429  INFO - response: https://search.yahoo.com/search;_ylt=YSlFHTcxHgxPIQjNkbHZjWhu;_ylu=ZOclLdJQdZGKR2V874ehkVSzGf5DBIOgvlsvQp4FOP_3rVk?p=%22Mitsui+O.S.K.+Lines%2C+South+Asia+Middle+East%22+site%3Amol-same.com+email+phone 200
[2026-09-07 01:01:19,998] 158  INFO - Contact info found in: https://mol-same.com/contact-us, info: {'email': 'communications@molgroup.com', 'number': None, 'website': None}
[2026-09-07 01:01:19,999] 137  INFO - metrics: Scraped result for Mitsui O.S.K. Lines, South Asia Middle East: {'email': 'communications@molgroup.com', 'number': None, 'scraped_from_link': 'https://mol-same.com/contact-us'}
[2026-09-07 01:01:20,000] 142  INFO - metrics: Google searching for Mitsui O.S.K. Lines, South Asia Middle East
[2026-09-07 01:01:20,000] 167  INFO - DDG query: "Mitsui O.S.K. Lines, South Asia Middle East" site:mol-same.com email phone
[2026-09-07 01:01:20,224] 429  INFO - response: https://en.wikipedia.org/w/api.php?action=opensearch&profile=fuzzy&limit=1&search=%22Mitsui%20O.S.K.%20Lines%2C%20South%20Asia%20Middle%20East%22%20site%3Amol-same.com%20email%20phone 200
[2026-09-07 01:01:20,253] 429  INFO - response: https://grokipedia.com/api/typeahead?query=%22Mitsui+O.S.K.+Lines%2C+South+Asia+Middle+East%22+site%3Amol-same.com+email+phone&limit=1 502
[2026-09-07 01:01:20,483] 429  INFO - response: https://www.mojeek.com/search?q=%22Mitsui+O.S.K.+Lines%2C+South+Asia+Middle+East%22+site%3Amol-same.com+email+phone 403
[2026-09-07 01:01:20,484] 209  INFO - Using FIRST valid result: https://www.mol-same.com/ -- text snippet: MOL SAME | Ship Management Company - South Asia Middle East MOL SAME, a subsidiary of globally renowned Mitsui O.S.K. Lines, a ship management company in South Asia Middle East, specialising in shippi...
[2026-09-07 01:01:20,484] 220  INFO - Final DDG result for 'Mitsui O.S.K. Lines, South Asia Middle East': {'email': None, 'number': None, 'website': 'https://www.mol-same.com/'}
[2026-09-07 01:01:20,485] 154  INFO - metrics: Scraping website from Google result for Mitsui O.S.K. Lines, South Asia Middle East at https://www.mol-same.com/
[2026-09-07 01:01:20,487] 191  INFO - scrape website for 
[2026-09-07 01:01:20,487] 26  INFO - Fetching links
[2026-09-07 01:01:20,669] 48  INFO - list_of_links from selenium: ['https://ugc.com']
[2026-09-07 01:01:20,670] 138  INFO - Inside extract content
[2026-09-07 01:01:20,670] 139  INFO - Links: ['https://ugc.com'], use_selenium: YES
[2026-09-07 01:01:20,670] 83  INFO - Inside extract_content_selenium
[2026-09-07 01:01:20,670] 84  INFO - links:['https://ugc.com']
[2026-09-07 01:01:20,774] 429  INFO - response: https://www.startpage.com/ 200
[2026-09-07 01:01:20,792] 48  INFO - list_of_links from selenium: ['https://ugc.com']
[2026-09-07 01:01:20,795] 138  INFO - Inside extract content
[2026-09-07 01:01:20,795] 139  INFO - Links: ['https://ugc.com'], use_selenium: YES
[2026-09-07 01:01:20,795] 83  INFO - Inside extract_content_selenium
[2026-09-07 01:01:20,795] 84  INFO - links:['https://ugc.com']
[2026-09-07 01:01:21,072] 429  INFO - response: https://www.startpage.com/sp/search 200
[2026-09-07 01:01:21,129] 59  INFO - extracted_links:['https://www.mol-same.com/#portfolio', 'https://www.mol-same.com/ourportfolio/mol-information-technology', 'https://www.mol-same.com/workplace-culture', 'https://www.mol-same.com', 'https://www.mol-same.com/', 'https://www.mol-same.com/ourportfolio/car-carrier-business', 'https://www.mol-same.com/who-we-are', 'https://www.mol-same.com/ourportfolio/bulk-transport', 'https://www.mol-same.com/ourportfolio/real-estate', 'https://www.mol-same.com/gallery', 'https://www.mol-same.com/newsroom', 'https://www.mol-same.com/ourportfolio/mol-plus', 'https://www.mol-same.com/seafarers', 'https://www.mol-same.com/open-opportunities/logistics-supply-chain', 'https://www.mol-same.com/ourportfolio/mol-logistics', 'https://www.mol-same.com/sailors-diary', 'https://www.mol-same.com/ourportfolio/ship-manning', 'https://www.mol-same.com/our-values', 'https://www.mol-same.com/leadership', 'https://www.mol-same.com/the-leaders-corner', 'https://www.mol-same.com/ourportfolio/ship-management-services', 'https://www.mol-same.com/contact-us', 'https://www.mol-same.com/media-kit', 'https://www.mol-same.com/events', 'https://www.mol-same.com/india-through-japanese-lens', 'https://www.mol-same.com/world-at-sea', 'https://www.mol-same.com/open-opportunities/shipping-maritime', 'https://www.mol-same.com/champions-of-inclusion', 'https://www.mol-same.com/ourportfolio/energy-transport']
[2026-09-07 01:01:21,136] 138  INFO - Inside extract content
[2026-09-07 01:01:21,137] 139  INFO - Links: ['https://www.mol-same.com/#portfolio', 'https://www.mol-same.com/ourportfolio/mol-information-technology', 'https://www.mol-same.com/workplace-culture', 'https://www.mol-same.com', 'https://www.mol-same.com/', 'https://www.mol-same.com/ourportfolio/car-carrier-business', 'https://www.mol-same.com/who-we-are', 'https://www.mol-same.com/ourportfolio/bulk-transport', 'https://www.mol-same.com/ourportfolio/real-estate', 'https://www.mol-same.com/gallery', 'https://www.mol-same.com/newsroom', 'https://www.mol-same.com/ourportfolio/mol-plus', 'https://www.mol-same.com/seafarers', 'https://www.mol-same.com/open-opportunities/logistics-supply-chain', 'https://www.mol-same.com/ourportfolio/mol-logistics', 'https://www.mol-same.com/sailors-diary', 'https://www.mol-same.com/ourportfolio/ship-manning', 'https://www.mol-same.com/our-values', 'https://www.mol-same.com/leadership', 'https://www.mol-same.com/the-leaders-corner', 'https://www.mol-same.com/ourportfolio/ship-management-services', 'https://www.mol-same.com/contact-us', 'https://www.mol-same.com/media-kit', 'https://www.mol-same.com/events', 'https://www.mol-same.com/india-through-japanese-lens', 'https://www.mol-same.com/world-at-sea', 'https://www.mol-same.com/open-opportunities/shipping-maritime', 'https://www.mol-same.com/champions-of-inclusion', 'https://www.mol-same.com/ourportfolio/energy-transport'], use_selenium: NO
[2026-09-07 01:01:21,137] 147  INFO - Contact links found: ['https://www.mol-same.com/contact-us']
[2026-09-07 01:01:21,137] 148  INFO - Other links found: ['https://www.mol-same.com/#portfolio', 'https://www.mol-same.com/ourportfolio/mol-information-technology', 'https://www.mol-same.com/workplace-culture', 'https://www.mol-same.com', 'https://www.mol-same.com/', 'https://www.mol-same.com/ourportfolio/car-carrier-business', 'https://www.mol-same.com/who-we-are', 'https://www.mol-same.com/ourportfolio/bulk-transport', 'https://www.mol-same.com/ourportfolio/real-estate', 'https://www.mol-same.com/gallery', 'https://www.mol-same.com/newsroom', 'https://www.mol-same.com/ourportfolio/mol-plus', 'https://www.mol-same.com/seafarers', 'https://www.mol-same.com/open-opportunities/logistics-supply-chain', 'https://www.mol-same.com/ourportfolio/mol-logistics', 'https://www.mol-same.com/sailors-diary', 'https://www.mol-same.com/ourportfolio/ship-manning', 'https://www.mol-same.com/our-values', 'https://www.mol-same.com/leadership', 'https://www.mol-same.com/the-leaders-corner', 'https://www.mol-same.com/ourportfolio/ship-management-services', 'https://www.mol-same.com/media-kit', 'https://www.mol-same.com/events', 'https://www.mol-same.com/india-through-japanese-lens', 'https://www.mol-same.com/world-at-sea', 'https://www.mol-same.com/open-opportunities/shipping-maritime', 'https://www.mol-same.com/champions-of-inclusion', 'https://www.mol-same.com/ourportfolio/energy-transport']
[2026-09-07 01:01:21,137] 109  INFO - Scraping contact info from: https://www.mol-same.com/contact-us
[2026-09-07 01:01:21,213] 429  INFO - response: https://html.duckduckgo.com/html/ 202
[2026-09-07 01:01:21,552] 429  INFO - response: https://search.brave.com/search?q=%22Mitsui+O.S.K.+Lines%2C+South+Asia+Middle+East%22+site%3Amol-same.com+email+phone&source=web 429
[2026-09-07 01:01:21,865] 108  INFO - Contact links found using selenium: []
[2026-09-07 01:01:21,865] 109  INFO - Other links found using selenium: ['https://ugc.com']
[2026-09-07 01:01:22,014] 108  INFO - Contact links found using selenium: []
[2026-09-07 01:01:22,014] 109  INFO - Other links found using selenium: ['https://ugc.com']
[2026-09-07 01:01:22,260] 429  INFO - response: https://www.google.com/sorry/index?continue=https://www.google.com/search%3Fq%3D%2522Mitsui%2BO.S.K.%2BLines%252C%2BSouth%2BAsia%2BMiddle%2BEast%2522%2Bsite%253Amol-same.com%2Bemail%2Bphone%26sca_esv%3D1%26filter%3D1%26start%3D0%26hl%3Den-US%26lr%3Dlang_en%26cr%3DcountryUS&hl=en-US&q=EgQxJGTFGIr_9tQGIjDg9gy2PfuZaCiJpe08Ana_I344f-Klat8b-eUHqkFQWW51qxcKIt8agUhlPWAEokoyAnJSWgFD 429
[2026-09-07 01:01:22,541] 158  INFO - Contact info found in: https://www.mol-same.com/contact-us, info: {'email': 'communications@molgroup.com', 'number': None, 'website': None}
[2026-09-07 01:01:22,541] 159  INFO - metrics: Scraped result from Google website for Mitsui O.S.K. Lines, South Asia Middle East: {'email': 'communications@molgroup.com', 'number': None, 'scraped_from_link': 'https://www.mol-same.com/contact-us'}
[2026-09-07 01:01:22,704] 429  INFO - response: https://search.yahoo.com/search;_ylt=2mNsLWXxkDtvJ2tPvWUHjO46;_ylu=JiOw5u01Dct_P1pncn_jJnLLxtRSwcEan6XXv7DJldHMtLM?p=%22Mitsui+O.S.K.+Lines%2C+South+Asia+Middle+East%22+site%3Amol-same.com+email+phone 200
[2026-09-07 01:01:23,471] 429  INFO - response: https://www.mojeek.com/search?q=%22Mitsui+O.S.K.+Lines%2C+South+Asia+Middle+East%22+site%3Amol-same.com+email+phone 403
[2026-09-07 01:01:23,473] 209  INFO - Using FIRST valid result: https://www.mol-same.com/ -- text snippet: MOL SAME | Ship Management Company - South Asia Middle East MOL SAME, a subsidiary of globally renowned Mitsui O.S.K. Lines, a ship management company in South Asia Middle East, specialising in shippi...
[2026-09-07 01:01:23,473] 220  INFO - Final DDG result for 'Mitsui O.S.K. Lines, South Asia Middle East': {'email': None, 'number': None, 'website': 'https://www.mol-same.com/'}
[2026-09-07 01:01:23,475] 154  INFO - metrics: Scraping website from Google result for Mitsui O.S.K. Lines, South Asia Middle East at https://www.mol-same.com/
[2026-09-07 01:01:23,476] 191  INFO - scrape website for 
[2026-09-07 01:01:23,476] 26  INFO - Fetching links
[2026-09-07 01:01:24,064] 59  INFO - extracted_links:['https://www.mol-same.com/#portfolio', 'https://www.mol-same.com/ourportfolio/mol-information-technology', 'https://www.mol-same.com/workplace-culture', 'https://www.mol-same.com', 'https://www.mol-same.com/', 'https://www.mol-same.com/ourportfolio/car-carrier-business', 'https://www.mol-same.com/who-we-are', 'https://www.mol-same.com/ourportfolio/bulk-transport', 'https://www.mol-same.com/ourportfolio/real-estate', 'https://www.mol-same.com/gallery', 'https://www.mol-same.com/newsroom', 'https://www.mol-same.com/ourportfolio/mol-plus', 'https://www.mol-same.com/seafarers', 'https://www.mol-same.com/open-opportunities/logistics-supply-chain', 'https://www.mol-same.com/ourportfolio/mol-logistics', 'https://www.mol-same.com/sailors-diary', 'https://www.mol-same.com/ourportfolio/ship-manning', 'https://www.mol-same.com/our-values', 'https://www.mol-same.com/leadership', 'https://www.mol-same.com/the-leaders-corner', 'https://www.mol-same.com/ourportfolio/ship-management-services', 'https://www.mol-same.com/contact-us', 'https://www.mol-same.com/media-kit', 'https://www.mol-same.com/events', 'https://www.mol-same.com/india-through-japanese-lens', 'https://www.mol-same.com/world-at-sea', 'https://www.mol-same.com/open-opportunities/shipping-maritime', 'https://www.mol-same.com/champions-of-inclusion', 'https://www.mol-same.com/ourportfolio/energy-transport']
[2026-09-07 01:01:24,065] 138  INFO - Inside extract content
[2026-09-07 01:01:24,065] 139  INFO - Links: ['https://www.mol-same.com/#portfolio', 'https://www.mol-same.com/ourportfolio/mol-information-technology', 'https://www.mol-same.com/workplace-culture', 'https://www.mol-same.com', 'https://www.mol-same.com/', 'https://www.mol-same.com/ourportfolio/car-carrier-business', 'https://www.mol-same.com/who-we-are', 'https://www.mol-same.com/ourportfolio/bulk-transport', 'https://www.mol-same.com/ourportfolio/real-estate', 'https://www.mol-same.com/gallery', 'https://www.mol-same.com/newsroom', 'https://www.mol-same.com/ourportfolio/mol-plus', 'https://www.mol-same.com/seafarers', 'https://www.mol-same.com/open-opportunities/logistics-supply-chain', 'https://www.mol-same.com/ourportfolio/mol-logistics', 'https://www.mol-same.com/sailors-diary', 'https://www.mol-same.com/ourportfolio/ship-manning', 'https://www.mol-same.com/our-values', 'https://www.mol-same.com/leadership', 'https://www.mol-same.com/the-leaders-corner', 'https://www.mol-same.com/ourportfolio/ship-management-services', 'https://www.mol-same.com/contact-us', 'https://www.mol-same.com/media-kit', 'https://www.mol-same.com/events', 'https://www.mol-same.com/india-through-japanese-lens', 'https://www.mol-same.com/world-at-sea', 'https://www.mol-same.com/open-opportunities/shipping-maritime', 'https://www.mol-same.com/champions-of-inclusion', 'https://www.mol-same.com/ourportfolio/energy-transport'], use_selenium: NO
[2026-09-07 01:01:24,066] 147  INFO - Contact links found: ['https://www.mol-same.com/contact-us']
[2026-09-07 01:01:24,066] 148  INFO - Other links found: ['https://www.mol-same.com/#portfolio', 'https://www.mol-same.com/ourportfolio/mol-information-technology', 'https://www.mol-same.com/workplace-culture', 'https://www.mol-same.com', 'https://www.mol-same.com/', 'https://www.mol-same.com/ourportfolio/car-carrier-business', 'https://www.mol-same.com/who-we-are', 'https://www.mol-same.com/ourportfolio/bulk-transport', 'https://www.mol-same.com/ourportfolio/real-estate', 'https://www.mol-same.com/gallery', 'https://www.mol-same.com/newsroom', 'https://www.mol-same.com/ourportfolio/mol-plus', 'https://www.mol-same.com/seafarers', 'https://www.mol-same.com/open-opportunities/logistics-supply-chain', 'https://www.mol-same.com/ourportfolio/mol-logistics', 'https://www.mol-same.com/sailors-diary', 'https://www.mol-same.com/ourportfolio/ship-manning', 'https://www.mol-same.com/our-values', 'https://www.mol-same.com/leadership', 'https://www.mol-same.com/the-leaders-corner', 'https://www.mol-same.com/ourportfolio/ship-management-services', 'https://www.mol-same.com/media-kit', 'https://www.mol-same.com/events', 'https://www.mol-same.com/india-through-japanese-lens', 'https://www.mol-same.com/world-at-sea', 'https://www.mol-same.com/open-opportunities/shipping-maritime', 'https://www.mol-same.com/champions-of-inclusion', 'https://www.mol-same.com/ourportfolio/energy-transport']
[2026-09-07 01:01:24,066] 109  INFO - Scraping contact info from: https://www.mol-same.com/contact-us
[2026-09-07 01:01:24,281] 137  INFO - metrics: Scraped result for UGC supply chain solution Pvt.Ltd: {}
[2026-09-07 01:01:24,282] 142  INFO - metrics: Google searching for UGC supply chain solution Pvt.Ltd
[2026-09-07 01:01:24,282] 167  INFO - DDG query: "UGC supply chain solution Pvt.Ltd" site:ugc.com email phone
[2026-09-07 01:01:24,360] 137  INFO - metrics: Scraped result for UGC supply chain solution Pvt.Ltd: {}
[2026-09-07 01:01:24,360] 142  INFO - metrics: Google searching for UGC supply chain solution Pvt.Ltd
[2026-09-07 01:01:24,360] 167  INFO - DDG query: "UGC supply chain solution Pvt.Ltd" site:ugc.com email phone
[2026-09-07 01:01:24,519] 429  INFO - response: https://en.wikipedia.org/w/api.php?action=opensearch&profile=fuzzy&limit=1&search=%22UGC%20supply%20chain%20solution%20Pvt.Ltd%22%20site%3Augc.com%20email%20phone 200
[2026-09-07 01:01:24,583] 158  INFO - Contact info found in: https://www.mol-same.com/contact-us, info: {'email': 'communications@molgroup.com', 'number': None, 'website': None}
[2026-09-07 01:01:24,584] 159  INFO - metrics: Scraped result from Google website for Mitsui O.S.K. Lines, South Asia Middle East: {'email': 'communications@molgroup.com', 'number': None, 'scraped_from_link': 'https://www.mol-same.com/contact-us'}
[2026-09-07 01:01:24,586] 429  INFO - response: https://en.wikipedia.org/w/api.php?action=opensearch&profile=fuzzy&limit=1&search=%22UGC%20supply%20chain%20solution%20Pvt.Ltd%22%20site%3Augc.com%20email%20phone 200
[2026-09-07 01:01:24,628] 429  INFO - response: https://grokipedia.com/api/typeahead?query=%22UGC+supply+chain+solution+Pvt.Ltd%22+site%3Augc.com+email+phone&limit=1 200
[2026-09-07 01:01:24,692] 429  INFO - response: https://html.duckduckgo.com/html/ 202
[2026-09-07 01:01:25,092] 429  INFO - response: https://search.yahoo.com/search;_ylt=HtkLlnjSDtxVOj15ep-JaNAG;_ylu=ic_R3WGSJNXbb4X5aJmgCcoqUbXkCa4l0L6wCjQOl-C_1uE?p=%22UGC+supply+chain+solution+Pvt.Ltd%22+site%3Augc.com+email+phone 200
[2026-09-07 01:01:25,104] 429  INFO - response: https://grokipedia.com/api/typeahead?query=%22UGC+supply+chain+solution+Pvt.Ltd%22+site%3Augc.com+email+phone&limit=1 200
[2026-09-07 01:01:25,433] 429  INFO - response: https://search.brave.com/search?q=%22UGC+supply+chain+solution+Pvt.Ltd%22+site%3Augc.com+email+phone&source=web 429
[2026-09-07 01:01:25,979] 429  INFO - response: https://www.google.com/sorry/index?continue=https://www.google.com/search%3Fq%3D%2522UGC%2Bsupply%2Bchain%2Bsolution%2BPvt.Ltd%2522%2Bsite%253Augc.com%2Bemail%2Bphone%26sca_esv%3D1%26filter%3D1%26start%3D0%26hl%3Den-US%26lr%3Dlang_en%26cr%3DcountryUS&hl=en-US&q=EgQxJGTFGI3_9tQGIjAjXEPajDz1zXt6vnp9EWtITgHoPRdodlzuzMfXCG8iOoHCR-G8cIVg8Hur35vCjfAyAnJSWgFD 429
[2026-09-07 01:01:25,989] 429  INFO - response: https://www.startpage.com/ 200
[2026-09-07 01:01:26,228] 429  INFO - response: https://www.startpage.com/sp/search 200
[2026-09-07 01:01:26,264] 429  INFO - response: https://search.brave.com/search?q=%22UGC+supply+chain+solution+Pvt.Ltd%22+site%3Augc.com+email+phone&source=web 429
[2026-09-07 01:01:26,768] 429  INFO - response: https://www.google.com/sorry/index?continue=https://www.google.com/search%3Fq%3D%2522UGC%2Bsupply%2Bchain%2Bsolution%2BPvt.Ltd%2522%2Bsite%253Augc.com%2Bemail%2Bphone%26sca_esv%3D1%26filter%3D1%26start%3D0%26hl%3Den-US%26lr%3Dlang_en%26cr%3DcountryUS&hl=en-US&q=EgQxJGTFGI7_9tQGIjAmYPlJoRuqAnXrQFXhbLRLsqiDEwMxWUtk3h8e9bBOPwnWx7bTM0OzCqLMNJ5ZS9MyAnJSWgFD 429
[2026-09-07 01:01:26,791] 429  INFO - response: https://www.mojeek.com/search?q=%22UGC+supply+chain+solution+Pvt.Ltd%22+site%3Augc.com+email+phone 403
[2026-09-07 01:01:27,271] 429  INFO - response: https://www.mojeek.com/search?q=%22UGC+supply+chain+solution+Pvt.Ltd%22+site%3Augc.com+email+phone 403
[2026-09-07 01:01:27,310] 429  INFO - response: https://www.startpage.com/ 200
[2026-09-07 01:01:27,563] 429  INFO - response: https://www.startpage.com/sp/search 200
[2026-09-07 01:01:27,565] 226  ERROR - DuckDuckGo search error for 'UGC supply chain solution Pvt.Ltd': No results found.
[2026-09-07 01:01:27,722] 429  INFO - response: https://search.yahoo.com/search;_ylt=srncyerFb2sSaArUu3SeCgY-;_ylu=_iqKZaakuiBQntNsnxPz5BKycNGGatFewy9xAQcU-rHaNEU?p=%22UGC+supply+chain+solution+Pvt.Ltd%22+site%3Augc.com+email+phone 200
[2026-09-07 01:01:27,822] 429  INFO - response: https://html.duckduckgo.com/html/ 202
[2026-09-07 01:01:27,834] 226  ERROR - DuckDuckGo search error for 'UGC supply chain solution Pvt.Ltd': No results found.
[2026-09-07 01:01:27,836] 129  INFO - Processing row 43: V-Trans India Limited
[2026-09-07 01:01:27,836] 142  INFO - metrics: Google searching for V-Trans India Limited
[2026-09-07 01:01:27,836] 129  INFO - Processing row 45: Logistic Integrators (I) Pvt Ltd
[2026-09-07 01:01:27,837] 132  INFO - metrics: Scraping website for Logistic Integrators (I) Pvt Ltd at https://logisticintegrators.com
[2026-09-07 01:01:27,837] 167  INFO - DDG query: "V-Trans India Limited" "official website"
[2026-09-07 01:01:27,838] 191  INFO - scrape website for 
[2026-09-07 01:01:27,839] 26  INFO - Fetching links
[2026-09-07 01:01:28,075] 429  INFO - response: https://en.wikipedia.org/w/api.php?action=opensearch&profile=fuzzy&limit=1&search=%22V-Trans%20India%20Limited%22%20%22official%20website%22 200
[2026-09-07 01:01:28,087] 429  INFO - response: https://grokipedia.com/api/typeahead?query=%22V-Trans+India+Limited%22+%22official+website%22&limit=1 502
[2026-09-07 01:01:28,232] 137  INFO - metrics: Scraped result for Logistic Integrators (I) Pvt Ltd: {}
[2026-09-07 01:01:28,232] 142  INFO - metrics: Google searching for Logistic Integrators (I) Pvt Ltd
[2026-09-07 01:01:28,233] 167  INFO - DDG query: "Logistic Integrators (I) Pvt Ltd" site:logisticintegrators.com email phone
[2026-09-07 01:01:28,464] 429  INFO - response: https://en.wikipedia.org/w/api.php?action=opensearch&profile=fuzzy&limit=1&search=%22Logistic%20Integrators%20%28I%29%20Pvt%20Ltd%22%20site%3Alogisticintegrators.com%20email%20phone 200
[2026-09-07 01:01:28,563] 429  INFO - response: https://grokipedia.com/api/typeahead?query=%22Logistic+Integrators+%28I%29+Pvt+Ltd%22+site%3Alogisticintegrators.com+email+phone&limit=1 200
[2026-09-07 01:01:28,602] 429  INFO - response: https://www.startpage.com/ 200
[2026-09-07 01:01:28,831] 429  INFO - response: https://www.startpage.com/sp/search 200
[2026-09-07 01:01:29,092] 429  INFO - response: https://www.google.com/sorry/index?continue=https://www.google.com/search%3Fq%3D%2522Logistic%2BIntegrators%2B%2528I%2529%2BPvt%2BLtd%2522%2Bsite%253Alogisticintegrators.com%2Bemail%2Bphone%26sca_esv%3D1%26filter%3D1%26start%3D0%26hl%3Den-US%26lr%3Dlang_en%26cr%3DcountryUS&hl=en-US&q=EgQxJGTFGJD_9tQGIjAbC50PxBCVnG4dboWw9E_C52m2ubhUWtZr-7_VpQk3MOcEBrr7G647Z6PXcYPUSrYyAnJSWgFD 429
[2026-09-07 01:01:29,286] 429  INFO - response: https://www.mojeek.com/search?q=%22V-Trans+India+Limited%22+%22official+website%22 403
[2026-09-07 01:01:29,622] 429  INFO - response: https://www.startpage.com/ 200
[2026-09-07 01:01:29,845] 429  INFO - response: https://www.startpage.com/sp/search 200
[2026-09-07 01:01:29,897] 429  INFO - response: https://search.yahoo.com/search;_ylt=u7ybJUt-2jZVxyobTIIkW1Eb;_ylu=sFQWZIFIUNAswf2aaZp46kVtaynQwq28sPFILNjXZFz7_9U?p=%22V-Trans+India+Limited%22+%22official+website%22 200
[2026-09-07 01:01:30,140] 429  INFO - response: https://search.brave.com/search?q=%22Logistic+Integrators+%28I%29+Pvt+Ltd%22+site%3Alogisticintegrators.com+email+phone&source=web 429
[2026-09-07 01:01:30,527] 429  INFO - response: https://search.yahoo.com/search;_ylt=UoBiac1eIqogngx_TULGoYi4;_ylu=9IFvGX30b676T6WZjjRIeAjY2Enm2gBqRXAFY6pk47Z6Qjk?p=%22Logistic+Integrators+%28I%29+Pvt+Ltd%22+site%3Alogisticintegrators.com+email+phone 200
[2026-09-07 01:01:31,169] 429  INFO - response: https://www.google.com/sorry/index?continue=https://www.google.com/search%3Fq%3D%2522V-Trans%2BIndia%2BLimited%2522%2B%2522official%2Bwebsite%2522%26sca_esv%3D1%26filter%3D1%26start%3D0%26hl%3Den-US%26lr%3Dlang_en%26cr%3DcountryUS&hl=en-US&q=EgQxJGTFGJL_9tQGIjAQ6x7RbKXJa35lLv4w8UhZa_ITk7NT-pN-uRDYnFqgf9HDhdVbFTG95WETAm1aeukyAnJSWgFD 429
[2026-09-07 01:01:31,227] 429  INFO - response: https://html.duckduckgo.com/html/ 202
[2026-09-07 01:01:31,453] 429  INFO - response: https://search.brave.com/search?q=%22V-Trans+India+Limited%22+%22official+website%22&source=web 429
[2026-09-07 01:01:31,536] 209  INFO - Using FIRST valid result: https://vtransgroup.com/ -- text snippet: V-Trans (India) Ltd. - India’s Trusted Partner for PTL, FTL ... V-Trans (India) Ltd. - India’s Trusted Partner for PTL, FTL & ODC Logistics. GST Update: Effective 22nd Sept 2025, V-Trans (India) Limit...
[2026-09-07 01:01:31,536] 220  INFO - Final DDG result for 'V-Trans India Limited': {'email': None, 'number': None, 'website': 'https://vtransgroup.com/'}
[2026-09-07 01:01:31,538] 154  INFO - metrics: Scraping website from Google result for V-Trans India Limited at https://vtransgroup.com/
[2026-09-07 01:01:31,539] 191  INFO - scrape website for 
[2026-09-07 01:01:31,539] 26  INFO - Fetching links
[2026-09-07 01:01:31,716] 429  INFO - response: https://www.mojeek.com/search?q=%22Logistic+Integrators+%28I%29+Pvt+Ltd%22+site%3Alogisticintegrators.com+email+phone 403
[2026-09-07 01:01:31,717] 226  ERROR - DuckDuckGo search error for 'Logistic Integrators (I) Pvt Ltd': No results found.
[2026-09-07 01:01:31,980] 59  INFO - extracted_links:['https://vtransgroup.com/tools/track-trace/', 'https://vtransgroup.com/about/governance/', 'https://vtransgroup.com/category/vijay-path', 'https://vtransgroup.com/contact/contact-us/', 'https://vtransgroup.com/vijay-path-march-april-2026/', 'https://vtransgroup.com/become-business-partner-with-v-trans/', 'https://vtransgroup.com/news/', 'https://vtransgroup.com/gst-info/', 'https://vtransgroup.com/about/careers/', 'https://vtransgroup.com/faq/', 'https://vtransgroup.com/our-services/', 'https://vtransgroup.com/about/clients/', 'https://vtransgroup.com/can-legacy-logistics-companies-beat-tech-startups/', 'https://vtransgroup.com/contact/business-enquiry/', 'https://vtransgroup.com/vijay-path-may-june-2026/', 'https://vtransgroup.com/our-network/', 'https://vtransgroup.com/tools/gst-info/', 'https://vtransgroup.com/tools/', 'https://vtransgroup.com/about/company/', 'https://vtransgroup.com/about/csr/', 'https://vtransgroup.com/our-services', 'https://vtransgroup.com/terms-and-condition', 'https://vtransgroup.com/', 'https://vtransgroup.com/about-us/', 'https://vtransgroup.com/privacy-policy', 'https://vtransgroup.com/category/podcast', 'https://vtransgroup.com/contact-us/', 'https://vtransgroup.com/about/awards-certification/', 'https://vtransgroup.com/digital-payment/', 'https://vtransgroup.com/tools/our-network/', 'https://vtransgroup.com/tools/pick-up-request/']
[2026-09-07 01:01:31,982] 138  INFO - Inside extract content
[2026-09-07 01:01:31,982] 139  INFO - Links: ['https://vtransgroup.com/tools/track-trace/', 'https://vtransgroup.com/about/governance/', 'https://vtransgroup.com/category/vijay-path', 'https://vtransgroup.com/contact/contact-us/', 'https://vtransgroup.com/vijay-path-march-april-2026/', 'https://vtransgroup.com/become-business-partner-with-v-trans/', 'https://vtransgroup.com/news/', 'https://vtransgroup.com/gst-info/', 'https://vtransgroup.com/about/careers/', 'https://vtransgroup.com/faq/', 'https://vtransgroup.com/our-services/', 'https://vtransgroup.com/about/clients/', 'https://vtransgroup.com/can-legacy-logistics-companies-beat-tech-startups/', 'https://vtransgroup.com/contact/business-enquiry/', 'https://vtransgroup.com/vijay-path-may-june-2026/', 'https://vtransgroup.com/our-network/', 'https://vtransgroup.com/tools/gst-info/', 'https://vtransgroup.com/tools/', 'https://vtransgroup.com/about/company/', 'https://vtransgroup.com/about/csr/', 'https://vtransgroup.com/our-services', 'https://vtransgroup.com/terms-and-condition', 'https://vtransgroup.com/', 'https://vtransgroup.com/about-us/', 'https://vtransgroup.com/privacy-policy', 'https://vtransgroup.com/category/podcast', 'https://vtransgroup.com/contact-us/', 'https://vtransgroup.com/about/awards-certification/', 'https://vtransgroup.com/digital-payment/', 'https://vtransgroup.com/tools/our-network/', 'https://vtransgroup.com/tools/pick-up-request/'], use_selenium: NO
[2026-09-07 01:01:31,982] 147  INFO - Contact links found: ['https://vtransgroup.com/contact/contact-us/', 'https://vtransgroup.com/contact/business-enquiry/', 'https://vtransgroup.com/contact-us/']
[2026-09-07 01:01:31,982] 148  INFO - Other links found: ['https://vtransgroup.com/tools/track-trace/', 'https://vtransgroup.com/about/governance/', 'https://vtransgroup.com/category/vijay-path', 'https://vtransgroup.com/vijay-path-march-april-2026/', 'https://vtransgroup.com/become-business-partner-with-v-trans/', 'https://vtransgroup.com/news/', 'https://vtransgroup.com/gst-info/', 'https://vtransgroup.com/about/careers/', 'https://vtransgroup.com/faq/', 'https://vtransgroup.com/our-services/', 'https://vtransgroup.com/about/clients/', 'https://vtransgroup.com/can-legacy-logistics-companies-beat-tech-startups/', 'https://vtransgroup.com/vijay-path-may-june-2026/', 'https://vtransgroup.com/our-network/', 'https://vtransgroup.com/tools/gst-info/', 'https://vtransgroup.com/tools/', 'https://vtransgroup.com/about/company/', 'https://vtransgroup.com/about/csr/', 'https://vtransgroup.com/our-services', 'https://vtransgroup.com/terms-and-condition', 'https://vtransgroup.com/', 'https://vtransgroup.com/about-us/', 'https://vtransgroup.com/privacy-policy', 'https://vtransgroup.com/category/podcast', 'https://vtransgroup.com/about/awards-certification/', 'https://vtransgroup.com/digital-payment/', 'https://vtransgroup.com/tools/our-network/', 'https://vtransgroup.com/tools/pick-up-request/']
[2026-09-07 01:01:31,982] 109  INFO - Scraping contact info from: https://vtransgroup.com/contact/contact-us/
[2026-09-07 01:01:32,362] 158  INFO - Contact info found in: https://vtransgroup.com/contact/contact-us/, info: {'email': 'info@vtransgroup.com', 'number': '9870 140 141', 'website': None}
[2026-09-07 01:01:32,363] 163  INFO - Both email and number found, stopping.
[2026-09-07 01:01:32,363] 159  INFO - metrics: Scraped result from Google website for V-Trans India Limited: {'email': 'info@vtransgroup.com', 'number': '9870 140 141', 'scraped_from_link': 'https://vtransgroup.com/contact/contact-us/'}
[2026-09-07 01:01:32,364] 80  INFO - metrics: [[(1, {}, {'email': None, 'number': None, 'website': None}, {}), (3, {}, {'email': None, 'number': None, 'website': None}, {}), (5, {'email': 'support@ttdlogistics.in', 'number': '+91 9226551569', 'scraped_from_link': 'https://ttdlogistics.in#/examples/contactus'}, {}, {}), (10, {}, {'email': None, 'number': None, 'website': None}, {}), (12, {}, {'email': None, 'number': None, 'website': 'https://www.parekhgroup.in/'}, {})], [(14, {}, {'email': None, 'number': None, 'website': 'https://www.nipponexpress.com/about/index.html'}, {}), (16, {}, {'email': None, 'number': None, 'website': None}, {}), (17, {}, {'email': None, 'number': None, 'website': 'https://www.indiainfo.net/place/dialhealth-medical-447706'}, {}), (18, {'email': None, 'number': '(727) 577-9749', 'scraped_from_link': 'https://jabil.com/contact.html'}, {'email': None, 'number': None, 'website': None}, {}), (19, {}, {'email': None, 'number': None, 'website': 'https://www.lalamove.com/en-my/contact'}, {})], [(21, {}, {'email': None, 'number': None, 'website': None}, {}), (22, {}, {'email': None, 'number': None, 'website': None}, {}), (24, {}, {'email': None, 'number': None, 'website': 'https://www.fleetfeet.com/locations'}, {'email': 'support@fleetfeet.com', 'number': '855-213-4301', 'scraped_from_link': 'https://www.fleetfeet.com/contact'}), (27, {}, {'email': None, 'number': None, 'website': None}, {}), (30, {}, {'email': None, 'number': None, 'website': None}, {})], [(31, {'email': 'info@vault.rent', 'number': '+91 85911 85913', 'scraped_from_link': 'https://vault.rent/contact/'}, {}, {}), (32, {'email': 'communications@molgroup.com', 'number': None, 'scraped_from_link': 'https://mol-same.com/contact-us'}, {'email': None, 'number': None, 'website': 'https://www.mol-same.com/'}, {'email': 'communications@molgroup.com', 'scraped_from_link': 'https://www.mol-same.com/contact-us'}), (35, {}, {'email': None, 'number': None, 'website': None}, {}), (39, {'email': 'communications@molgroup.com', 'number': None, 'scraped_from_link': 'https://mol-same.com/contact-us'}, {'email': None, 'number': None, 'website': 'https://www.mol-same.com/'}, {'email': 'communications@molgroup.com', 'scraped_from_link': 'https://www.mol-same.com/contact-us'}), (42, {}, {'email': None, 'number': None, 'website': None}, {})], [(43, {}, {'email': None, 'number': None, 'website': 'https://vtransgroup.com/'}, {'email': 'info@vtransgroup.com', 'number': '9870 140 141', 'scraped_from_link': 'https://vtransgroup.com/contact/contact-us/'}), (45, {}, {'email': None, 'number': None, 'website': None}, {})]]
[2026-09-07 01:01:32,659] 88  INFO - Total time taken: 4.932523576418559 minutes
